series,config,market,tick,frac,yes_mid,truth,cum_trades,trade_progress,market_title,yes_price,ts,volume,slug,real_cum_trades
10轮,c3_ethereum_t10_s0,ethereum,0.0,0.0,0.5800000000000001,0.0,0.0,0.0,,,,,,
10轮,c3_ethereum_t10_s0,ethereum,0.0,0.0,0.5800000000000001,0.0,3.0,0.10714285714285714,,,,,,
10轮,c3_ethereum_t10_s0,ethereum,1.0,0.1111111111111111,0.5800000000000001,0.0,6.0,0.21428571428571427,,,,,,
10轮,c3_ethereum_t10_s0,ethereum,2.0,0.2222222222222222,0.595,0.0,7.0,0.25,,,,,,
10轮,c3_ethereum_t10_s0,ethereum,3.0,0.3333333333333333,0.595,0.0,8.0,0.2857142857142857,,,,,,
10轮,c3_ethereum_t10_s0,ethereum,4.0,0.4444444444444444,0.595,0.0,9.0,0.32142857142857145,,,,,,
10轮,c3_ethereum_t10_s0,ethereum,5.0,0.5555555555555556,0.595,0.0,15.0,0.5357142857142857,,,,,,
10轮,c3_ethereum_t10_s0,ethereum,6.0,0.6666666666666666,0.585,0.0,18.0,0.6428571428571429,,,,,,
10轮,c3_ethereum_t10_s0,ethereum,7.0,0.7777777777777778,0.56,0.0,22.0,0.7857142857142857,,,,,,
10轮,c3_ethereum_t10_s0,ethereum,8.0,0.8888888888888888,0.5549999999999999,0.0,24.0,0.8571428571428571,,,,,,
10轮,c3_ethereum_t10_s0,ethereum,9.0,1.0,0.525,0.0,28.0,1.0,,,,,,
20轮,c3_ethereum_t20_s0,ethereum,0.0,0.0,0.575,0.0,0.0,0.0,,,,,,
20轮,c3_ethereum_t20_s0,ethereum,0.0,0.0,0.575,0.0,2.0,0.03508771929824561,,,,,,
20轮,c3_ethereum_t20_s0,ethereum,1.0,0.05263157894736842,0.585,0.0,2.0,0.03508771929824561,,,,,,
20轮,c3_ethereum_t20_s0,ethereum,2.0,0.10526315789473684,0.585,0.0,3.0,0.05263157894736842,,,,,,
20轮,c3_ethereum_t20_s0,ethereum,3.0,0.15789473684210525,0.61,0.0,10.0,0.17543859649122806,,,,,,
20轮,c3_ethereum_t20_s0,ethereum,4.0,0.21052631578947367,0.61,0.0,11.0,0.19298245614035087,,,,,,
20轮,c3_ethereum_t20_s0,ethereum,5.0,0.2631578947368421,0.58,0.0,12.0,0.21052631578947367,,,,,,
20轮,c3_ethereum_t20_s0,ethereum,6.0,0.3157894736842105,0.595,0.0,14.0,0.24561403508771928,,,,,,
20轮,c3_ethereum_t20_s0,ethereum,7.0,0.3684210526315789,0.595,0.0,16.0,0.2807017543859649,,,,,,
20轮,c3_ethereum_t20_s0,ethereum,8.0,0.42105263157894735,0.595,0.0,19.0,0.3333333333333333,,,,,,
20轮,c3_ethereum_t20_s0,ethereum,9.0,0.47368421052631576,0.595,0.0,23.0,0.40350877192982454,,,,,,
20轮,c3_ethereum_t20_s0,ethereum,10.0,0.5263157894736842,0.59,0.0,28.0,0.49122807017543857,,,,,,
20轮,c3_ethereum_t20_s0,ethereum,11.0,0.5789473684210527,0.59,0.0,29.0,0.5087719298245614,,,,,,
20轮,c3_ethereum_t20_s0,ethereum,12.0,0.631578947368421,0.59,0.0,33.0,0.5789473684210527,,,,,,
20轮,c3_ethereum_t20_s0,ethereum,13.0,0.6842105263157895,0.585,0.0,38.0,0.6666666666666666,,,,,,
20轮,c3_ethereum_t20_s0,ethereum,14.0,0.7368421052631579,0.58,0.0,41.0,0.7192982456140351,,,,,,
20轮,c3_ethereum_t20_s0,ethereum,15.0,0.7894736842105263,0.585,0.0,45.0,0.7894736842105263,,,,,,
20轮,c3_ethereum_t20_s0,ethereum,16.0,0.8421052631578947,0.595,0.0,49.0,0.8596491228070176,,,,,,
20轮,c3_ethereum_t20_s0,ethereum,17.0,0.8947368421052632,0.565,0.0,52.0,0.9122807017543859,,,,,,
20轮,c3_ethereum_t20_s0,ethereum,18.0,0.9473684210526315,0.565,0.0,53.0,0.9298245614035088,,,,,,
20轮,c3_ethereum_t20_s0,ethereum,19.0,1.0,0.545,0.0,57.0,1.0,,,,,,
50轮,c3_ethereum_t50_s0,ethereum,0.0,0.0,0.585,0.0,0.0,0.0,,,,,,
50轮,c3_ethereum_t50_s0,ethereum,0.0,0.0,0.585,0.0,2.0,0.013422818791946308,,,,,,
50轮,c3_ethereum_t50_s0,ethereum,1.0,0.02040816326530612,0.585,0.0,5.0,0.03355704697986577,,,,,,
50轮,c3_ethereum_t50_s0,ethereum,2.0,0.04081632653061224,0.595,0.0,11.0,0.0738255033557047,,,,,,
50轮,c3_ethereum_t50_s0,ethereum,3.0,0.061224489795918366,0.595,0.0,15.0,0.10067114093959731,,,,,,
50轮,c3_ethereum_t50_s0,ethereum,4.0,0.08163265306122448,0.6,0.0,22.0,0.1476510067114094,,,,,,
50轮,c3_ethereum_t50_s0,ethereum,5.0,0.10204081632653061,0.6,0.0,23.0,0.15436241610738255,,,,,,
50轮,c3_ethereum_t50_s0,ethereum,6.0,0.12244897959183673,0.6,0.0,24.0,0.1610738255033557,,,,,,
50轮,c3_ethereum_t50_s0,ethereum,7.0,0.14285714285714285,0.585,0.0,29.0,0.19463087248322147,,,,,,
50轮,c3_ethereum_t50_s0,ethereum,8.0,0.16326530612244897,0.585,0.0,34.0,0.22818791946308725,,,,,,
50轮,c3_ethereum_t50_s0,ethereum,9.0,0.1836734693877551,0.56,0.0,37.0,0.2483221476510067,,,,,,
50轮,c3_ethereum_t50_s0,ethereum,10.0,0.20408163265306123,0.555,0.0,38.0,0.2550335570469799,,,,,,
50轮,c3_ethereum_t50_s0,ethereum,11.0,0.22448979591836735,0.555,0.0,39.0,0.26174496644295303,,,,,,
50轮,c3_ethereum_t50_s0,ethereum,12.0,0.24489795918367346,0.545,0.0,41.0,0.2751677852348993,,,,,,
50轮,c3_ethereum_t50_s0,ethereum,13.0,0.2653061224489796,0.575,0.0,46.0,0.3087248322147651,,,,,,
50轮,c3_ethereum_t50_s0,ethereum,14.0,0.2857142857142857,0.535,0.0,49.0,0.3288590604026846,,,,,,
50轮,c3_ethereum_t50_s0,ethereum,15.0,0.30612244897959184,0.54,0.0,52.0,0.348993288590604,,,,,,
50轮,c3_ethereum_t50_s0,ethereum,16.0,0.32653061224489793,0.54,0.0,52.0,0.348993288590604,,,,,,
50轮,c3_ethereum_t50_s0,ethereum,17.0,0.3469387755102041,0.53,0.0,58.0,0.38926174496644295,,,,,,
50轮,c3_ethereum_t50_s0,ethereum,18.0,0.3673469387755102,0.525,0.0,60.0,0.40268456375838924,,,,,,
50轮,c3_ethereum_t50_s0,ethereum,19.0,0.3877551020408163,0.52,0.0,60.0,0.40268456375838924,,,,,,
50轮,c3_ethereum_t50_s0,ethereum,20.0,0.40816326530612246,0.52,0.0,60.0,0.40268456375838924,,,,,,
50轮,c3_ethereum_t50_s0,ethereum,21.0,0.42857142857142855,0.52,0.0,60.0,0.40268456375838924,,,,,,
50轮,c3_ethereum_t50_s0,ethereum,22.0,0.4489795918367347,0.52,0.0,60.0,0.40268456375838924,,,,,,
50轮,c3_ethereum_t50_s0,ethereum,23.0,0.46938775510204084,0.52,0.0,60.0,0.40268456375838924,,,,,,
50轮,c3_ethereum_t50_s0,ethereum,24.0,0.4897959183673469,0.48,0.0,64.0,0.42953020134228187,,,,,,
50轮,c3_ethereum_t50_s0,ethereum,25.0,0.5102040816326531,0.185,0.0,69.0,0.46308724832214765,,,,,,
50轮,c3_ethereum_t50_s0,ethereum,26.0,0.5306122448979592,0.61,0.0,69.0,0.46308724832214765,,,,,,
50轮,c3_ethereum_t50_s0,ethereum,27.0,0.5510204081632653,0.61,0.0,70.0,0.4697986577181208,,,,,,
50轮,c3_ethereum_t50_s0,ethereum,28.0,0.5714285714285714,0.195,0.0,75.0,0.5033557046979866,,,,,,
50轮,c3_ethereum_t50_s0,ethereum,29.0,0.5918367346938775,0.19,0.0,81.0,0.5436241610738255,,,,,,
50轮,c3_ethereum_t50_s0,ethereum,30.0,0.6122448979591837,0.195,0.0,89.0,0.5973154362416108,,,,,,
50轮,c3_ethereum_t50_s0,ethereum,31.0,0.6326530612244898,0.195,0.0,91.0,0.610738255033557,,,,,,
50轮,c3_ethereum_t50_s0,ethereum,32.0,0.6530612244897959,0.195,0.0,94.0,0.6308724832214765,,,,,,
50轮,c3_ethereum_t50_s0,ethereum,33.0,0.673469387755102,0.19,0.0,96.0,0.6442953020134228,,,,,,
50轮,c3_ethereum_t50_s0,ethereum,34.0,0.6938775510204082,0.18,0.0,103.0,0.6912751677852349,,,,,,
50轮,c3_ethereum_t50_s0,ethereum,35.0,0.7142857142857143,0.185,0.0,108.0,0.7248322147651006,,,,,,
50轮,c3_ethereum_t50_s0,ethereum,36.0,0.7346938775510204,0.175,0.0,108.0,0.7248322147651006,,,,,,
50轮,c3_ethereum_t50_s0,ethereum,37.0,0.7551020408163265,0.18,0.0,110.0,0.738255033557047,,,,,,
50轮,c3_ethereum_t50_s0,ethereum,38.0,0.7755102040816326,0.18,0.0,112.0,0.7516778523489933,,,,,,
50轮,c3_ethereum_t50_s0,ethereum,39.0,0.7959183673469388,0.18,0.0,114.0,0.7651006711409396,,,,,,
50轮,c3_ethereum_t50_s0,ethereum,40.0,0.8163265306122449,0.18,0.0,117.0,0.785234899328859,,,,,,
50轮,c3_ethereum_t50_s0,ethereum,41.0,0.8367346938775511,0.18,0.0,120.0,0.8053691275167785,,,,,,
50轮,c3_ethereum_t50_s0,ethereum,42.0,0.8571428571428571,0.18,0.0,122.0,0.8187919463087249,,,,,,
50轮,c3_ethereum_t50_s0,ethereum,43.0,0.8775510204081632,0.14,0.0,134.0,0.8993288590604027,,,,,,
50轮,c3_ethereum_t50_s0,ethereum,44.0,0.8979591836734694,0.1,0.0,137.0,0.9194630872483222,,,,,,
50轮,c3_ethereum_t50_s0,ethereum,45.0,0.9183673469387755,0.1,0.0,139.0,0.9328859060402684,,,,,,
50轮,c3_ethereum_t50_s0,ethereum,46.0,0.9387755102040817,0.09,0.0,139.0,0.9328859060402684,,,,,,
50轮,c3_ethereum_t50_s0,ethereum,47.0,0.9591836734693877,0.08,0.0,144.0,0.9664429530201343,,,,,,
50轮,c3_ethereum_t50_s0,ethereum,48.0,0.9795918367346939,0.07,0.0,148.0,0.9932885906040269,,,,,,
50轮,c3_ethereum_t50_s0,ethereum,49.0,1.0,0.07,0.0,149.0,1.0,,,,,,
100轮,c3_ethereum_t100_s0,ethereum,0.0,0.0,0.5800000000000001,0.0,0.0,0.0,,,,,,
100轮,c3_ethereum_t100_s0,ethereum,0.0,0.0,0.5800000000000001,0.0,1.0,0.003205128205128205,,,,,,
100轮,c3_ethereum_t100_s0,ethereum,1.0,0.010101010101010102,0.5800000000000001,0.0,3.0,0.009615384615384616,,,,,,
100轮,c3_ethereum_t100_s0,ethereum,2.0,0.020202020202020204,0.585,0.0,3.0,0.009615384615384616,,,,,,
100轮,c3_ethereum_t100_s0,ethereum,3.0,0.030303030303030304,0.585,0.0,3.0,0.009615384615384616,,,,,,
100轮,c3_ethereum_t100_s0,ethereum,4.0,0.04040404040404041,0.585,0.0,6.0,0.019230769230769232,,,,,,
100轮,c3_ethereum_t100_s0,ethereum,5.0,0.050505050505050504,0.585,0.0,7.0,0.022435897435897436,,,,,,
100轮,c3_ethereum_t100_s0,ethereum,6.0,0.06060606060606061,0.585,0.0,7.0,0.022435897435897436,,,,,,
100轮,c3_ethereum_t100_s0,ethereum,7.0,0.0707070707070707,0.52,0.0,19.0,0.060897435897435896,,,,,,
100轮,c3_ethereum_t100_s0,ethereum,8.0,0.08080808080808081,0.5700000000000001,0.0,23.0,0.07371794871794872,,,,,,
100轮,c3_ethereum_t100_s0,ethereum,9.0,0.09090909090909091,0.5700000000000001,0.0,24.0,0.07692307692307693,,,,,,
100轮,c3_ethereum_t100_s0,ethereum,10.0,0.10101010101010101,0.555,0.0,24.0,0.07692307692307693,,,,,,
100轮,c3_ethereum_t100_s0,ethereum,11.0,0.1111111111111111,0.555,0.0,27.0,0.08653846153846154,,,,,,
100轮,c3_ethereum_t100_s0,ethereum,12.0,0.12121212121212122,0.55,0.0,34.0,0.10897435897435898,,,,,,
100轮,c3_ethereum_t100_s0,ethereum,13.0,0.13131313131313133,0.55,0.0,34.0,0.10897435897435898,,,,,,
100轮,c3_ethereum_t100_s0,ethereum,14.0,0.1414141414141414,0.55,0.0,36.0,0.11538461538461539,,,,,,
100轮,c3_ethereum_t100_s0,ethereum,15.0,0.15151515151515152,0.55,0.0,38.0,0.12179487179487179,,,,,,
100轮,c3_ethereum_t100_s0,ethereum,16.0,0.16161616161616163,0.55,0.0,39.0,0.125,,,,,,
100轮,c3_ethereum_t100_s0,ethereum,17.0,0.1717171717171717,0.55,0.0,40.0,0.1282051282051282,,,,,,
100轮,c3_ethereum_t100_s0,ethereum,18.0,0.18181818181818182,0.55,0.0,42.0,0.1346153846153846,,,,,,
100轮,c3_ethereum_t100_s0,ethereum,19.0,0.1919191919191919,0.55,0.0,43.0,0.13782051282051283,,,,,,
100轮,c3_ethereum_t100_s0,ethereum,20.0,0.20202020202020202,0.55,0.0,44.0,0.14102564102564102,,,,,,
100轮,c3_ethereum_t100_s0,ethereum,21.0,0.21212121212121213,0.47000000000000003,0.0,45.0,0.14423076923076922,,,,,,
100轮,c3_ethereum_t100_s0,ethereum,22.0,0.2222222222222222,0.47000000000000003,0.0,48.0,0.15384615384615385,,,,,,
100轮,c3_ethereum_t100_s0,ethereum,23.0,0.23232323232323232,0.1,0.0,51.0,0.16346153846153846,,,,,,
100轮,c3_ethereum_t100_s0,ethereum,24.0,0.24242424242424243,0.1,0.0,55.0,0.1762820512820513,,,,,,
100轮,c3_ethereum_t100_s0,ethereum,25.0,0.25252525252525254,0.1,0.0,58.0,0.1858974358974359,,,,,,
100轮,c3_ethereum_t100_s0,ethereum,26.0,0.26262626262626265,0.1,0.0,62.0,0.1987179487179487,,,,,,
100轮,c3_ethereum_t100_s0,ethereum,27.0,0.2727272727272727,0.08,0.0,67.0,0.21474358974358973,,,,,,
100轮,c3_ethereum_t100_s0,ethereum,28.0,0.2828282828282828,0.08,0.0,67.0,0.21474358974358973,,,,,,
100轮,c3_ethereum_t100_s0,ethereum,29.0,0.29292929292929293,0.08,0.0,69.0,0.22115384615384615,,,,,,
100轮,c3_ethereum_t100_s0,ethereum,30.0,0.30303030303030304,0.09,0.0,72.0,0.23076923076923078,,,,,,
100轮,c3_ethereum_t100_s0,ethereum,31.0,0.31313131313131315,0.095,0.0,73.0,0.23397435897435898,,,,,,
100轮,c3_ethereum_t100_s0,ethereum,32.0,0.32323232323232326,0.095,0.0,76.0,0.24358974358974358,,,,,,
100轮,c3_ethereum_t100_s0,ethereum,33.0,0.3333333333333333,0.095,0.0,78.0,0.25,,,,,,
100轮,c3_ethereum_t100_s0,ethereum,34.0,0.3434343434343434,0.1,0.0,82.0,0.26282051282051283,,,,,,
100轮,c3_ethereum_t100_s0,ethereum,35.0,0.35353535353535354,0.1,0.0,86.0,0.27564102564102566,,,,,,
100轮,c3_ethereum_t100_s0,ethereum,36.0,0.36363636363636365,0.1,0.0,90.0,0.28846153846153844,,,,,,
100轮,c3_ethereum_t100_s0,ethereum,37.0,0.37373737373737376,0.1,0.0,96.0,0.3076923076923077,,,,,,
100轮,c3_ethereum_t100_s0,ethereum,38.0,0.3838383838383838,0.59,0.0,101.0,0.32371794871794873,,,,,,
100轮,c3_ethereum_t100_s0,ethereum,39.0,0.3939393939393939,0.59,0.0,102.0,0.3269230769230769,,,,,,
100轮,c3_ethereum_t100_s0,ethereum,40.0,0.40404040404040403,0.59,0.0,104.0,0.3333333333333333,,,,,,
100轮,c3_ethereum_t100_s0,ethereum,41.0,0.41414141414141414,0.59,0.0,108.0,0.34615384615384615,,,,,,
100轮,c3_ethereum_t100_s0,ethereum,42.0,0.42424242424242425,0.58,0.0,117.0,0.375,,,,,,
100轮,c3_ethereum_t100_s0,ethereum,43.0,0.43434343434343436,0.58,0.0,120.0,0.38461538461538464,,,,,,
100轮,c3_ethereum_t100_s0,ethereum,44.0,0.4444444444444444,0.049999999999999996,0.0,125.0,0.40064102564102566,,,,,,
100轮,c3_ethereum_t100_s0,ethereum,45.0,0.45454545454545453,0.58,0.0,130.0,0.4166666666666667,,,,,,
100轮,c3_ethereum_t100_s0,ethereum,46.0,0.46464646464646464,0.58,0.0,136.0,0.4358974358974359,,,,,,
100轮,c3_ethereum_t100_s0,ethereum,47.0,0.47474747474747475,0.125,0.0,137.0,0.4391025641025641,,,,,,
100轮,c3_ethereum_t100_s0,ethereum,48.0,0.48484848484848486,0.58,0.0,143.0,0.4583333333333333,,,,,,
100轮,c3_ethereum_t100_s0,ethereum,49.0,0.494949494949495,0.58,0.0,148.0,0.47435897435897434,,,,,,
100轮,c3_ethereum_t100_s0,ethereum,50.0,0.5050505050505051,0.1,0.0,153.0,0.49038461538461536,,,,,,
100轮,c3_ethereum_t100_s0,ethereum,51.0,0.5151515151515151,0.08499999999999999,0.0,157.0,0.5032051282051282,,,,,,
100轮,c3_ethereum_t100_s0,ethereum,52.0,0.5252525252525253,0.08499999999999999,0.0,158.0,0.5064102564102564,,,,,,
100轮,c3_ethereum_t100_s0,ethereum,53.0,0.5353535353535354,0.08,0.0,162.0,0.5192307692307693,,,,,,
100轮,c3_ethereum_t100_s0,ethereum,54.0,0.5454545454545454,0.08499999999999999,0.0,166.0,0.532051282051282,,,,,,
100轮,c3_ethereum_t100_s0,ethereum,55.0,0.5555555555555556,0.06,0.0,170.0,0.5448717948717948,,,,,,
100轮,c3_ethereum_t100_s0,ethereum,56.0,0.5656565656565656,0.05,0.0,173.0,0.5544871794871795,,,,,,
100轮,c3_ethereum_t100_s0,ethereum,57.0,0.5757575757575758,0.04,0.0,175.0,0.5608974358974359,,,,,,
100轮,c3_ethereum_t100_s0,ethereum,58.0,0.5858585858585859,0.045,0.0,176.0,0.5641025641025641,,,,,,
100轮,c3_ethereum_t100_s0,ethereum,59.0,0.5959595959595959,0.04,0.0,181.0,0.5801282051282052,,,,,,
100轮,c3_ethereum_t100_s0,ethereum,60.0,0.6060606060606061,0.04,0.0,184.0,0.5897435897435898,,,,,,
100轮,c3_ethereum_t100_s0,ethereum,61.0,0.6161616161616161,0.04,0.0,184.0,0.5897435897435898,,,,,,
100轮,c3_ethereum_t100_s0,ethereum,62.0,0.6262626262626263,0.04,0.0,184.0,0.5897435897435898,,,,,,
100轮,c3_ethereum_t100_s0,ethereum,63.0,0.6363636363636364,0.04,0.0,186.0,0.5961538461538461,,,,,,
100轮,c3_ethereum_t100_s0,ethereum,64.0,0.6464646464646465,0.04,0.0,188.0,0.6025641025641025,,,,,,
100轮,c3_ethereum_t100_s0,ethereum,65.0,0.6565656565656566,0.04,0.0,189.0,0.6057692307692307,,,,,,
100轮,c3_ethereum_t100_s0,ethereum,66.0,0.6666666666666666,0.04,0.0,194.0,0.6217948717948718,,,,,,
100轮,c3_ethereum_t100_s0,ethereum,67.0,0.6767676767676768,0.61,0.0,198.0,0.6346153846153846,,,,,,
100轮,c3_ethereum_t100_s0,ethereum,68.0,0.6868686868686869,0.61,0.0,201.0,0.6442307692307693,,,,,,
100轮,c3_ethereum_t100_s0,ethereum,69.0,0.696969696969697,0.03,0.0,203.0,0.6506410256410257,,,,,,
100轮,c3_ethereum_t100_s0,ethereum,70.0,0.7070707070707071,0.03,0.0,213.0,0.6826923076923077,,,,,,
100轮,c3_ethereum_t100_s0,ethereum,71.0,0.7171717171717171,0.035,0.0,217.0,0.6955128205128205,,,,,,
100轮,c3_ethereum_t100_s0,ethereum,72.0,0.7272727272727273,0.035,0.0,220.0,0.7051282051282052,,,,,,
100轮,c3_ethereum_t100_s0,ethereum,73.0,0.7373737373737373,0.035,0.0,222.0,0.7115384615384616,,,,,,
100轮,c3_ethereum_t100_s0,ethereum,74.0,0.7474747474747475,0.04,0.0,226.0,0.7243589743589743,,,,,,
100轮,c3_ethereum_t100_s0,ethereum,75.0,0.7575757575757576,0.05,0.0,231.0,0.7403846153846154,,,,,,
100轮,c3_ethereum_t100_s0,ethereum,76.0,0.7676767676767676,0.055,0.0,235.0,0.7532051282051282,,,,,,
100轮,c3_ethereum_t100_s0,ethereum,77.0,0.7777777777777778,0.055,0.0,240.0,0.7692307692307693,,,,,,
100轮,c3_ethereum_t100_s0,ethereum,78.0,0.7878787878787878,0.06,0.0,243.0,0.7788461538461539,,,,,,
100轮,c3_ethereum_t100_s0,ethereum,79.0,0.797979797979798,0.06,0.0,243.0,0.7788461538461539,,,,,,
100轮,c3_ethereum_t100_s0,ethereum,80.0,0.8080808080808081,0.06,0.0,243.0,0.7788461538461539,,,,,,
100轮,c3_ethereum_t100_s0,ethereum,81.0,0.8181818181818182,0.105,0.0,246.0,0.7884615384615384,,,,,,
100轮,c3_ethereum_t100_s0,ethereum,82.0,0.8282828282828283,0.125,0.0,247.0,0.7916666666666666,,,,,,
100轮,c3_ethereum_t100_s0,ethereum,83.0,0.8383838383838383,0.15,0.0,250.0,0.8012820512820513,,,,,,
100轮,c3_ethereum_t100_s0,ethereum,84.0,0.8484848484848485,0.18,0.0,254.0,0.8141025641025641,,,,,,
100轮,c3_ethereum_t100_s0,ethereum,85.0,0.8585858585858586,0.19,0.0,258.0,0.8269230769230769,,,,,,
100轮,c3_ethereum_t100_s0,ethereum,86.0,0.8686868686868687,0.225,0.0,264.0,0.8461538461538461,,,,,,
100轮,c3_ethereum_t100_s0,ethereum,87.0,0.8787878787878788,0.235,0.0,270.0,0.8653846153846154,,,,,,
100轮,c3_ethereum_t100_s0,ethereum,88.0,0.8888888888888888,0.24,0.0,270.0,0.8653846153846154,,,,,,
100轮,c3_ethereum_t100_s0,ethereum,89.0,0.898989898989899,0.24,0.0,273.0,0.875,,,,,,
100轮,c3_ethereum_t100_s0,ethereum,90.0,0.9090909090909091,0.23,0.0,286.0,0.9166666666666666,,,,,,
100轮,c3_ethereum_t100_s0,ethereum,91.0,0.9191919191919192,0.235,0.0,292.0,0.9358974358974359,,,,,,
100轮,c3_ethereum_t100_s0,ethereum,92.0,0.9292929292929293,0.25,0.0,295.0,0.9455128205128205,,,,,,
100轮,c3_ethereum_t100_s0,ethereum,93.0,0.9393939393939394,0.235,0.0,296.0,0.9487179487179487,,,,,,
100轮,c3_ethereum_t100_s0,ethereum,94.0,0.9494949494949495,0.23,0.0,298.0,0.9551282051282052,,,,,,
100轮,c3_ethereum_t100_s0,ethereum,95.0,0.9595959595959596,0.23,0.0,302.0,0.967948717948718,,,,,,
100轮,c3_ethereum_t100_s0,ethereum,96.0,0.9696969696969697,0.23,0.0,302.0,0.967948717948718,,,,,,
100轮,c3_ethereum_t100_s0,ethereum,97.0,0.9797979797979798,0.23,0.0,306.0,0.9807692307692307,,,,,,
100轮,c3_ethereum_t100_s0,ethereum,98.0,0.98989898989899,0.23,0.0,308.0,0.9871794871794872,,,,,,
100轮,c3_ethereum_t100_s0,ethereum,99.0,1.0,0.23,0.0,312.0,1.0,,,,,,
真实市场价格,c3_ethereum_t10_s0,,,,,0.0,0.0,0.0,以太坊 5000 美元,0.5227973627936308,2025-08-23 15:44:05+00:00,4070.3140299999995,will-ethereum-reach-5000-in-august-614-348-169-974-494,38.0
真实市场价格,c3_ethereum_t10_s0,,,,,0.0,3.9493670886075947,0.012658227848101266,以太坊 5000 美元,0.5724675479274447,2025-08-24 00:42:17+00:00,18958.192781,will-ethereum-reach-5000-in-august-614-348-169-974-494,75.0
真实市场价格,c3_ethereum_t10_s0,,,,,0.0,7.898734177215189,0.02531645569620253,以太坊 5000 美元,0.5934139834719115,2025-08-24 04:38:07+00:00,24638.476746,will-ethereum-reach-5000-in-august-614-348-169-974-494,112.0
真实市场价格,c3_ethereum_t10_s0,,,,,0.0,11.848101265822786,0.0379746835443038,以太坊 5000 美元,0.5712806430770437,2025-08-24 10:23:07+00:00,2815.135575,will-ethereum-reach-5000-in-august-614-348-169-974-494,150.0
真实市场价格,c3_ethereum_t10_s0,,,,,0.0,15.797468354430379,0.05063291139240506,以太坊 5000 美元,0.5226302507622532,2025-08-24 13:19:31+00:00,12728.93505,will-ethereum-reach-5000-in-august-614-348-169-974-494,187.0
真实市场价格,c3_ethereum_t10_s0,,,,,0.0,19.746835443037977,0.06329113924050633,以太坊 5000 美元,0.5903136392816484,2025-08-24 15:44:23+00:00,5475.4013,will-ethereum-reach-5000-in-august-614-348-169-974-494,224.0
真实市场价格,c3_ethereum_t10_s0,,,,,0.0,23.69620253164557,0.0759493670886076,以太坊 5000 美元,0.7537437217322847,2025-08-24 17:55:57+00:00,38166.844438,will-ethereum-reach-5000-in-august-614-348-169-974-494,262.0
真实市场价格,c3_ethereum_t10_s0,,,,,0.0,27.645569620253166,0.08860759493670886,以太坊 5000 美元,0.842218194428435,2025-08-24 18:42:39+00:00,10297.693126999999,will-ethereum-reach-5000-in-august-614-348-169-974-494,299.0
真实市场价格,c3_ethereum_t10_s0,,,,,0.0,31.594936708860757,0.10126582278481013,以太坊 5000 美元,0.849119143502752,2025-08-24 19:35:41+00:00,8050.274205000001,will-ethereum-reach-5000-in-august-614-348-169-974-494,336.0
真实市场价格,c3_ethereum_t10_s0,,,,,0.0,35.54430379746835,0.11392405063291139,以太坊 5000 美元,0.6402732441216012,2025-08-24 19:40:29+00:00,5382.86497,will-ethereum-reach-5000-in-august-614-348-169-974-494,374.0
真实市场价格,c3_ethereum_t10_s0,,,,,0.0,39.493670886075954,0.12658227848101267,以太坊 5000 美元,0.6686313513513514,2025-08-24 19:41:25+00:00,2278.194328,will-ethereum-reach-5000-in-august-614-348-169-974-494,411.0
真实市场价格,c3_ethereum_t10_s0,,,,,0.0,43.44303797468354,0.13924050632911392,以太坊 5000 美元,0.6565823409654216,2025-08-24 19:56:39+00:00,4599.057352,will-ethereum-reach-5000-in-august-614-348-169-974-494,448.0
真实市场价格,c3_ethereum_t10_s0,,,,,0.0,47.39240506329114,0.1518987341772152,以太坊 5000 美元,0.6051432277210502,2025-08-24 20:20:23+00:00,4704.459718,will-ethereum-reach-5000-in-august-614-348-169-974-494,486.0
真实市场价格,c3_ethereum_t10_s0,,,,,0.0,51.34177215189873,0.16455696202531644,以太坊 5000 美元,0.6181861430342717,2025-08-24 22:29:51+00:00,9465.281699,will-ethereum-reach-5000-in-august-614-348-169-974-494,523.0
真实市场价格,c3_ethereum_t10_s0,,,,,0.0,55.29113924050633,0.17721518987341772,以太坊 5000 美元,0.5583425563096166,2025-08-25 00:47:13+00:00,4540.786516,will-ethereum-reach-5000-in-august-614-348-169-974-494,560.0
真实市场价格,c3_ethereum_t10_s0,,,,,0.0,59.24050632911393,0.189873417721519,以太坊 5000 美元,0.5523873002572803,2025-08-25 04:17:13+00:00,4135.965771,will-ethereum-reach-5000-in-august-614-348-169-974-494,598.0
真实市场价格,c3_ethereum_t10_s0,,,,,0.0,63.189873417721515,0.20253164556962025,以太坊 5000 美元,0.4973958622295902,2025-08-25 05:51:37+00:00,10563.237603,will-ethereum-reach-5000-in-august-614-348-169-974-494,635.0
真实市场价格,c3_ethereum_t10_s0,,,,,0.0,67.13924050632912,0.21518987341772153,以太坊 5000 美元,0.4007727821965107,2025-08-25 08:11:49+00:00,4717.378058,will-ethereum-reach-5000-in-august-614-348-169-974-494,672.0
真实市场价格,c3_ethereum_t10_s0,,,,,0.0,71.0886075949367,0.22784810126582278,以太坊 5000 美元,0.3103122206757822,2025-08-25 10:53:11+00:00,12314.717057,will-ethereum-reach-5000-in-august-614-348-169-974-494,709.0
真实市场价格,c3_ethereum_t10_s0,,,,,0.0,75.0379746835443,0.24050632911392406,以太坊 5000 美元,0.3171417505911629,2025-08-25 13:05:03+00:00,5444.264257000001,will-ethereum-reach-5000-in-august-614-348-169-974-494,747.0
真实市场价格,c3_ethereum_t10_s0,,,,,0.0,78.98734177215191,0.25316455696202533,以太坊 5000 美元,0.3829455659070396,2025-08-25 14:49:45+00:00,4929.144344,will-ethereum-reach-5000-in-august-614-348-169-974-494,784.0
真实市场价格,c3_ethereum_t10_s0,,,,,0.0,82.93670886075948,0.26582278481012656,以太坊 5000 美元,0.35778901423899684,2025-08-25 16:44:27+00:00,3914.874974,will-ethereum-reach-5000-in-august-614-348-169-974-494,821.0
真实市场价格,c3_ethereum_t10_s0,,,,,0.0,86.88607594936708,0.27848101265822783,以太坊 5000 美元,0.29920959826983007,2025-08-25 19:35:55+00:00,5229.771823,will-ethereum-reach-5000-in-august-614-348-169-974-494,859.0
真实市场价格,c3_ethereum_t10_s0,,,,,0.0,90.83544303797468,0.2911392405063291,以太坊 5000 美元,0.14301020287663463,2025-08-25 21:02:01+00:00,2002.313005,will-ethereum-reach-5000-in-august-614-348-169-974-494,896.0
真实市场价格,c3_ethereum_t10_s0,,,,,0.0,94.78481012658229,0.3037974683544304,以太坊 5000 美元,0.1363078293936497,2025-08-25 22:21:55+00:00,1518.342646,will-ethereum-reach-5000-in-august-614-348-169-974-494,933.0
真实市场价格,c3_ethereum_t10_s0,,,,,0.0,98.73417721518987,0.31645569620253167,以太坊 5000 美元,0.13866770880714135,2025-08-26 00:25:35+00:00,3908.3073449999997,will-ethereum-reach-5000-in-august-614-348-169-974-494,971.0
真实市场价格,c3_ethereum_t10_s0,,,,,0.0,102.68354430379746,0.3291139240506329,以太坊 5000 美元,0.12202324857790726,2025-08-26 02:21:07+00:00,1353.974677,will-ethereum-reach-5000-in-august-614-348-169-974-494,1008.0
真实市场价格,c3_ethereum_t10_s0,,,,,0.0,106.63291139240506,0.34177215189873417,以太坊 5000 美元,0.1451915416754235,2025-08-26 04:09:47+00:00,897.9064030000001,will-ethereum-reach-5000-in-august-614-348-169-974-494,1045.0
真实市场价格,c3_ethereum_t10_s0,,,,,0.0,110.58227848101266,0.35443037974683544,以太坊 5000 美元,0.15262450490118204,2025-08-26 06:43:57+00:00,908.4307140000001,will-ethereum-reach-5000-in-august-614-348-169-974-494,1083.0
真实市场价格,c3_ethereum_t10_s0,,,,,0.0,114.53164556962025,0.3670886075949367,以太坊 5000 美元,0.14296917626746133,2025-08-26 09:02:51+00:00,2033.771193,will-ethereum-reach-5000-in-august-614-348-169-974-494,1120.0
真实市场价格,c3_ethereum_t10_s0,,,,,0.0,118.48101265822785,0.379746835443038,以太坊 5000 美元,0.12212250526678423,2025-08-26 10:53:53+00:00,822.2469169999999,will-ethereum-reach-5000-in-august-614-348-169-974-494,1157.0
真实市场价格,c3_ethereum_t10_s0,,,,,0.0,122.43037974683544,0.3924050632911392,以太坊 5000 美元,0.13088565094787966,2025-08-26 12:37:15+00:00,844.06402,will-ethereum-reach-5000-in-august-614-348-169-974-494,1195.0
真实市场价格,c3_ethereum_t10_s0,,,,,0.0,126.37974683544303,0.4050632911392405,以太坊 5000 美元,0.18413512834309875,2025-08-26 13:33:35+00:00,1725.997585,will-ethereum-reach-5000-in-august-614-348-169-974-494,1232.0
真实市场价格,c3_ethereum_t10_s0,,,,,0.0,130.32911392405063,0.4177215189873418,以太坊 5000 美元,0.17489484587207577,2025-08-26 14:33:09+00:00,2104.7201870000004,will-ethereum-reach-5000-in-august-614-348-169-974-494,1269.0
真实市场价格,c3_ethereum_t10_s0,,,,,0.0,134.27848101265823,0.43037974683544306,以太坊 5000 美元,0.2184591367028993,2025-08-26 16:13:41+00:00,1925.886796,will-ethereum-reach-5000-in-august-614-348-169-974-494,1306.0
真实市场价格,c3_ethereum_t10_s0,,,,,0.0,138.2278481012658,0.4430379746835443,以太坊 5000 美元,0.20290069165183203,2025-08-26 17:38:19+00:00,669.417593,will-ethereum-reach-5000-in-august-614-348-169-974-494,1344.0
真实市场价格,c3_ethereum_t10_s0,,,,,0.0,142.1772151898734,0.45569620253164556,以太坊 5000 美元,0.23436173763772936,2025-08-26 20:48:07+00:00,2749.875037,will-ethereum-reach-5000-in-august-614-348-169-974-494,1381.0
真实市场价格,c3_ethereum_t10_s0,,,,,0.0,146.126582278481,0.46835443037974683,以太坊 5000 美元,0.2641766945609793,2025-08-26 22:30:59+00:00,1625.0872610000001,will-ethereum-reach-5000-in-august-614-348-169-974-494,1418.0
真实市场价格,c3_ethereum_t10_s0,,,,,0.0,150.0759493670886,0.4810126582278481,以太坊 5000 美元,0.2561524993982628,2025-08-27 03:37:07+00:00,3452.424927,will-ethereum-reach-5000-in-august-614-348-169-974-494,1456.0
真实市场价格,c3_ethereum_t10_s0,,,,,0.0,154.0253164556962,0.4936708860759494,以太坊 5000 美元,0.3006052028814573,2025-08-27 06:22:55+00:00,2933.297065,will-ethereum-reach-5000-in-august-614-348-169-974-494,1493.0
真实市场价格,c3_ethereum_t10_s0,,,,,0.0,157.97468354430382,0.5063291139240507,以太坊 5000 美元,0.2472493056728363,2025-08-27 09:06:51+00:00,1098.425878,will-ethereum-reach-5000-in-august-614-348-169-974-494,1530.0
真实市场价格,c3_ethereum_t10_s0,,,,,0.0,161.9240506329114,0.5189873417721519,以太坊 5000 美元,0.23736348142142327,2025-08-27 12:17:05+00:00,3469.8818349999997,will-ethereum-reach-5000-in-august-614-348-169-974-494,1568.0
真实市场价格,c3_ethereum_t10_s0,,,,,0.0,165.87341772151896,0.5316455696202531,以太坊 5000 美元,0.24443708936395706,2025-08-27 13:43:29+00:00,5602.903931,will-ethereum-reach-5000-in-august-614-348-169-974-494,1605.0
真实市场价格,c3_ethereum_t10_s0,,,,,0.0,169.8227848101266,0.5443037974683544,以太坊 5000 美元,0.2517909152353443,2025-08-27 14:03:01+00:00,3026.941737,will-ethereum-reach-5000-in-august-614-348-169-974-494,1642.0
真实市场价格,c3_ethereum_t10_s0,,,,,0.0,173.77215189873417,0.5569620253164557,以太坊 5000 美元,0.258936828458369,2025-08-27 15:32:23+00:00,6131.194585000001,will-ethereum-reach-5000-in-august-614-348-169-974-494,1680.0
真实市场价格,c3_ethereum_t10_s0,,,,,0.0,177.7215189873418,0.569620253164557,以太坊 5000 美元,0.2528255339405822,2025-08-27 17:54:39+00:00,4554.993657,will-ethereum-reach-5000-in-august-614-348-169-974-494,1717.0
真实市场价格,c3_ethereum_t10_s0,,,,,0.0,181.67088607594937,0.5822784810126582,以太坊 5000 美元,0.2473148301136866,2025-08-27 18:55:53+00:00,3836.5984189999995,will-ethereum-reach-5000-in-august-614-348-169-974-494,1754.0
真实市场价格,c3_ethereum_t10_s0,,,,,0.0,185.62025316455694,0.5949367088607594,以太坊 5000 美元,0.19315968134588113,2025-08-27 20:58:19+00:00,1378.9769090000002,will-ethereum-reach-5000-in-august-614-348-169-974-494,1792.0
真实市场价格,c3_ethereum_t10_s0,,,,,0.0,189.56962025316457,0.6075949367088608,以太坊 5000 美元,0.1339147834301435,2025-08-27 23:14:57+00:00,2584.461692,will-ethereum-reach-5000-in-august-614-348-169-974-494,1829.0
真实市场价格,c3_ethereum_t10_s0,,,,,0.0,193.51898734177215,0.620253164556962,以太坊 5000 美元,0.09278553606476315,2025-08-28 00:38:07+00:00,1717.545734,will-ethereum-reach-5000-in-august-614-348-169-974-494,1866.0
真实市场价格,c3_ethereum_t10_s0,,,,,0.0,197.46835443037975,0.6329113924050633,以太坊 5000 美元,0.11476591432006268,2025-08-28 05:30:57+00:00,1783.0667999999996,will-ethereum-reach-5000-in-august-614-348-169-974-494,1903.0
真实市场价格,c3_ethereum_t10_s0,,,,,0.0,201.41772151898735,0.6455696202531646,以太坊 5000 美元,0.14935844701712608,2025-08-28 08:12:33+00:00,1317.548919,will-ethereum-reach-5000-in-august-614-348-169-974-494,1941.0
真实市场价格,c3_ethereum_t10_s0,,,,,0.0,205.36708860759492,0.6582278481012658,以太坊 5000 美元,0.15987248535351528,2025-08-28 09:47:49+00:00,1326.087575,will-ethereum-reach-5000-in-august-614-348-169-974-494,1978.0
真实市场价格,c3_ethereum_t10_s0,,,,,0.0,209.31645569620252,0.6708860759493671,以太坊 5000 美元,0.13747909572397524,2025-08-28 13:44:01+00:00,760.350536,will-ethereum-reach-5000-in-august-614-348-169-974-494,2015.0
真实市场价格,c3_ethereum_t10_s0,,,,,0.0,213.26582278481013,0.6835443037974683,以太坊 5000 美元,0.10530647606862993,2025-08-28 15:52:35+00:00,1464.0073419999999,will-ethereum-reach-5000-in-august-614-348-169-974-494,2053.0
真实市场价格,c3_ethereum_t10_s0,,,,,0.0,217.21518987341773,0.6962025316455697,以太坊 5000 美元,0.06086126675378078,2025-08-28 18:13:37+00:00,999.4149150000001,will-ethereum-reach-5000-in-august-614-348-169-974-494,2090.0
真实市场价格,c3_ethereum_t10_s0,,,,,0.0,221.16455696202533,0.7088607594936709,以太坊 5000 美元,0.045651058369238266,2025-08-28 20:25:35+00:00,722.3181910000002,will-ethereum-reach-5000-in-august-614-348-169-974-494,2127.0
真实市场价格,c3_ethereum_t10_s0,,,,,0.0,225.1139240506329,0.7215189873417721,以太坊 5000 美元,0.04380112743600378,2025-08-29 01:33:57+00:00,950.2098650000001,will-ethereum-reach-5000-in-august-614-348-169-974-494,2165.0
真实市场价格,c3_ethereum_t10_s0,,,,,0.0,229.0632911392405,0.7341772151898734,以太坊 5000 美元,0.03861386755522236,2025-08-29 06:10:17+00:00,295.47836700000005,will-ethereum-reach-5000-in-august-614-348-169-974-494,2202.0
真实市场价格,c3_ethereum_t10_s0,,,,,0.0,233.0126582278481,0.7468354430379747,以太坊 5000 美元,0.018952630929900037,2025-08-29 09:02:29+00:00,279.2701830000001,will-ethereum-reach-5000-in-august-614-348-169-974-494,2239.0
真实市场价格,c3_ethereum_t10_s0,,,,,0.0,236.9620253164557,0.759493670886076,以太坊 5000 美元,0.015730573508738115,2025-08-29 12:38:23+00:00,1758.6004920000003,will-ethereum-reach-5000-in-august-614-348-169-974-494,2277.0
真实市场价格,c3_ethereum_t10_s0,,,,,0.0,240.91139240506328,0.7721518987341772,以太坊 5000 美元,0.013057074261255226,2025-08-29 19:46:15+00:00,371.09294800000004,will-ethereum-reach-5000-in-august-614-348-169-974-494,2314.0
真实市场价格,c3_ethereum_t10_s0,,,,,0.0,244.86075949367088,0.7848101265822784,以太坊 5000 美元,0.007326560277685429,2025-08-30 02:49:13+00:00,277.05259800000005,will-ethereum-reach-5000-in-august-614-348-169-974-494,2351.0
真实市场价格,c3_ethereum_t10_s0,,,,,0.0,248.81012658227849,0.7974683544303798,以太坊 5000 美元,0.005099488288640355,2025-08-30 08:45:43+00:00,331.8629990000001,will-ethereum-reach-5000-in-august-614-348-169-974-494,2389.0
真实市场价格,c3_ethereum_t10_s0,,,,,0.0,252.75949367088606,0.810126582278481,以太坊 5000 美元,0.0038818091944558446,2025-08-30 14:58:17+00:00,555.0074440000004,will-ethereum-reach-5000-in-august-614-348-169-974-494,2426.0
真实市场价格,c3_ethereum_t10_s0,,,,,0.0,256.7088607594937,0.8227848101265823,以太坊 5000 美元,0.0025135718008750356,2025-08-30 16:26:25+00:00,6.408630000000008,will-ethereum-reach-5000-in-august-614-348-169-974-494,2463.0
真实市场价格,c3_ethereum_t10_s0,,,,,0.0,260.65822784810126,0.8354430379746836,以太坊 5000 美元,0.002247417564132579,2025-08-30 17:26:39+00:00,43.462824000000026,will-ethereum-reach-5000-in-august-614-348-169-974-494,2500.0
真实市场价格,c3_ethereum_t10_s0,,,,,0.0,264.60759493670884,0.8481012658227848,以太坊 5000 美元,0.002263157894736844,2025-08-30 18:53:37+00:00,135.7186690000001,will-ethereum-reach-5000-in-august-614-348-169-974-494,2538.0
真实市场价格,c3_ethereum_t10_s0,,,,,0.0,268.55696202531647,0.8607594936708861,以太坊 5000 美元,0.0020575793184488852,2025-08-30 20:39:15+00:00,5.992634000000001,will-ethereum-reach-5000-in-august-614-348-169-974-494,2575.0
真实市场价格,c3_ethereum_t10_s0,,,,,0.0,272.50632911392404,0.8734177215189873,以太坊 5000 美元,0.002136361708778662,2025-08-30 22:49:13+00:00,68.73128500000003,will-ethereum-reach-5000-in-august-614-348-169-974-494,2612.0
真实市场价格,c3_ethereum_t10_s0,,,,,0.0,276.4556962025316,0.8860759493670886,以太坊 5000 美元,0.0027813942503705975,2025-08-31 02:52:46+00:00,230.129574,will-ethereum-reach-5000-in-august-614-348-169-974-494,2650.0
真实市场价格,c3_ethereum_t10_s0,,,,,0.0,280.40506329113924,0.8987341772151899,以太坊 5000 美元,0.002921457453558926,2025-08-31 06:54:32+00:00,126.11765400000002,will-ethereum-reach-5000-in-august-614-348-169-974-494,2687.0
真实市场价格,c3_ethereum_t10_s0,,,,,0.0,284.3544303797468,0.9113924050632911,以太坊 5000 美元,0.0025694802719185518,2025-08-31 08:35:30+00:00,91.32454000000035,will-ethereum-reach-5000-in-august-614-348-169-974-494,2724.0
真实市场价格,c3_ethereum_t10_s0,,,,,0.0,288.30379746835445,0.9240506329113924,以太坊 5000 美元,0.0031110065887193492,2025-08-31 10:33:26+00:00,231.32645100000002,will-ethereum-reach-5000-in-august-614-348-169-974-494,2762.0
真实市场价格,c3_ethereum_t10_s0,,,,,0.0,292.253164556962,0.9367088607594937,以太坊 5000 美元,0.003027053576896972,2025-08-31 11:51:14+00:00,11.31449600000001,will-ethereum-reach-5000-in-august-614-348-169-974-494,2799.0
真实市场价格,c3_ethereum_t10_s0,,,,,0.0,296.2025316455696,0.9493670886075949,以太坊 5000 美元,0.0027139946535240204,2025-08-31 12:46:02+00:00,33.41547499999951,will-ethereum-reach-5000-in-august-614-348-169-974-494,2836.0
真实市场价格,c3_ethereum_t10_s0,,,,,0.0,300.1518987341772,0.9620253164556962,以太坊 5000 美元,0.0011975083878586878,2025-08-31 13:38:04+00:00,8.730941,will-ethereum-reach-5000-in-august-614-348-169-974-494,2874.0
真实市场价格,c3_ethereum_t10_s0,,,,,0.0,304.1012658227848,0.9746835443037974,以太坊 5000 美元,0.0013325481582230562,2025-08-31 15:40:56+00:00,56.13721,will-ethereum-reach-5000-in-august-614-348-169-974-494,2911.0
真实市场价格,c3_ethereum_t10_s0,,,,,0.0,308.0506329113924,0.9873417721518988,以太坊 5000 美元,0.001540540542200418,2025-08-31 18:16:26+00:00,43.25118200000024,will-ethereum-reach-5000-in-august-614-348-169-974-494,2948.0
真实市场价格,c3_ethereum_t10_s0,,,,,0.0,312.0,1.0,以太坊 5000 美元,0.0010283620484232087,2025-08-31 23:26:32+00:00,117.4545950000001,will-ethereum-reach-5000-in-august-614-348-169-974-494,2986.0
10轮,c3_robotaxi_t10_s0,robotaxi,0.0,0.0,0.475,1.0,0.0,0.0,,,,,,
10轮,c3_robotaxi_t10_s0,robotaxi,0.0,0.0,0.475,1.0,2.0,0.06451612903225806,,,,,,
10轮,c3_robotaxi_t10_s0,robotaxi,1.0,0.1111111111111111,0.46499999999999997,1.0,6.0,0.1935483870967742,,,,,,
10轮,c3_robotaxi_t10_s0,robotaxi,2.0,0.2222222222222222,0.45999999999999996,1.0,10.0,0.3225806451612903,,,,,,
10轮,c3_robotaxi_t10_s0,robotaxi,3.0,0.3333333333333333,0.45999999999999996,1.0,10.0,0.3225806451612903,,,,,,
10轮,c3_robotaxi_t10_s0,robotaxi,4.0,0.4444444444444444,0.44499999999999995,1.0,10.0,0.3225806451612903,,,,,,
10轮,c3_robotaxi_t10_s0,robotaxi,5.0,0.5555555555555556,0.43,1.0,15.0,0.4838709677419355,,,,,,
10轮,c3_robotaxi_t10_s0,robotaxi,6.0,0.6666666666666666,0.39,1.0,16.0,0.5161290322580645,,,,,,
10轮,c3_robotaxi_t10_s0,robotaxi,7.0,0.7777777777777778,0.39,1.0,19.0,0.6129032258064516,,,,,,
10轮,c3_robotaxi_t10_s0,robotaxi,8.0,0.8888888888888888,0.37,1.0,25.0,0.8064516129032258,,,,,,
10轮,c3_robotaxi_t10_s0,robotaxi,9.0,1.0,0.37,1.0,31.0,1.0,,,,,,
20轮,c3_robotaxi_t20_s0,robotaxi,0.0,0.0,0.48,1.0,0.0,0.0,,,,,,
20轮,c3_robotaxi_t20_s0,robotaxi,0.0,0.0,0.48,1.0,0.0,0.0,,,,,,
20轮,c3_robotaxi_t20_s0,robotaxi,1.0,0.05263157894736842,0.475,1.0,2.0,0.05405405405405406,,,,,,
20轮,c3_robotaxi_t20_s0,robotaxi,2.0,0.10526315789473684,0.49,1.0,2.0,0.05405405405405406,,,,,,
20轮,c3_robotaxi_t20_s0,robotaxi,3.0,0.15789473684210525,0.48,1.0,2.0,0.05405405405405406,,,,,,
20轮,c3_robotaxi_t20_s0,robotaxi,4.0,0.21052631578947367,0.485,1.0,3.0,0.08108108108108109,,,,,,
20轮,c3_robotaxi_t20_s0,robotaxi,5.0,0.2631578947368421,0.485,1.0,3.0,0.08108108108108109,,,,,,
20轮,c3_robotaxi_t20_s0,robotaxi,6.0,0.3157894736842105,0.485,1.0,3.0,0.08108108108108109,,,,,,
20轮,c3_robotaxi_t20_s0,robotaxi,7.0,0.3684210526315789,0.49,1.0,5.0,0.13513513513513514,,,,,,
20轮,c3_robotaxi_t20_s0,robotaxi,8.0,0.42105263157894735,0.475,1.0,13.0,0.35135135135135137,,,,,,
20轮,c3_robotaxi_t20_s0,robotaxi,9.0,0.47368421052631576,0.475,1.0,15.0,0.40540540540540543,,,,,,
20轮,c3_robotaxi_t20_s0,robotaxi,10.0,0.5263157894736842,0.44499999999999995,1.0,19.0,0.5135135135135135,,,,,,
20轮,c3_robotaxi_t20_s0,robotaxi,11.0,0.5789473684210527,0.405,1.0,22.0,0.5945945945945946,,,,,,
20轮,c3_robotaxi_t20_s0,robotaxi,12.0,0.631578947368421,0.41000000000000003,1.0,27.0,0.7297297297297297,,,,,,
20轮,c3_robotaxi_t20_s0,robotaxi,13.0,0.6842105263157895,0.41000000000000003,1.0,28.0,0.7567567567567568,,,,,,
20轮,c3_robotaxi_t20_s0,robotaxi,14.0,0.7368421052631579,0.41000000000000003,1.0,28.0,0.7567567567567568,,,,,,
20轮,c3_robotaxi_t20_s0,robotaxi,15.0,0.7894736842105263,0.41000000000000003,1.0,30.0,0.8108108108108109,,,,,,
20轮,c3_robotaxi_t20_s0,robotaxi,16.0,0.8421052631578947,0.41000000000000003,1.0,31.0,0.8378378378378378,,,,,,
20轮,c3_robotaxi_t20_s0,robotaxi,17.0,0.8947368421052632,0.41000000000000003,1.0,31.0,0.8378378378378378,,,,,,
20轮,c3_robotaxi_t20_s0,robotaxi,18.0,0.9473684210526315,0.41000000000000003,1.0,31.0,0.8378378378378378,,,,,,
20轮,c3_robotaxi_t20_s0,robotaxi,19.0,1.0,0.3,1.0,37.0,1.0,,,,,,
50轮,c3_robotaxi_t50_s0,robotaxi,0.0,0.0,0.5,1.0,0.0,0.0,,,,,,
50轮,c3_robotaxi_t50_s0,robotaxi,0.0,0.0,0.5,1.0,1.0,0.006711409395973154,,,,,,
50轮,c3_robotaxi_t50_s0,robotaxi,1.0,0.02040816326530612,0.5,1.0,2.0,0.013422818791946308,,,,,,
50轮,c3_robotaxi_t50_s0,robotaxi,2.0,0.04081632653061224,0.5,1.0,2.0,0.013422818791946308,,,,,,
50轮,c3_robotaxi_t50_s0,robotaxi,3.0,0.061224489795918366,0.5,1.0,2.0,0.013422818791946308,,,,,,
50轮,c3_robotaxi_t50_s0,robotaxi,4.0,0.08163265306122448,0.5,1.0,2.0,0.013422818791946308,,,,,,
50轮,c3_robotaxi_t50_s0,robotaxi,5.0,0.10204081632653061,0.5,1.0,3.0,0.020134228187919462,,,,,,
50轮,c3_robotaxi_t50_s0,robotaxi,6.0,0.12244897959183673,0.5,1.0,7.0,0.04697986577181208,,,,,,
50轮,c3_robotaxi_t50_s0,robotaxi,7.0,0.14285714285714285,0.5,1.0,15.0,0.10067114093959731,,,,,,
50轮,c3_robotaxi_t50_s0,robotaxi,8.0,0.16326530612244897,0.485,1.0,19.0,0.12751677852348994,,,,,,
50轮,c3_robotaxi_t50_s0,robotaxi,9.0,0.1836734693877551,0.44999999999999996,1.0,26.0,0.174496644295302,,,,,,
50轮,c3_robotaxi_t50_s0,robotaxi,10.0,0.20408163265306123,0.46499999999999997,1.0,29.0,0.19463087248322147,,,,,,
50轮,c3_robotaxi_t50_s0,robotaxi,11.0,0.22448979591836735,0.475,1.0,35.0,0.2348993288590604,,,,,,
50轮,c3_robotaxi_t50_s0,robotaxi,12.0,0.24489795918367346,0.475,1.0,40.0,0.2684563758389262,,,,,,
50轮,c3_robotaxi_t50_s0,robotaxi,13.0,0.2653061224489796,0.46499999999999997,1.0,43.0,0.28859060402684567,,,,,,
50轮,c3_robotaxi_t50_s0,robotaxi,14.0,0.2857142857142857,0.46499999999999997,1.0,47.0,0.31543624161073824,,,,,,
50轮,c3_robotaxi_t50_s0,robotaxi,15.0,0.30612244897959184,0.46499999999999997,1.0,48.0,0.3221476510067114,,,,,,
50轮,c3_robotaxi_t50_s0,robotaxi,16.0,0.32653061224489793,0.44,1.0,48.0,0.3221476510067114,,,,,,
50轮,c3_robotaxi_t50_s0,robotaxi,17.0,0.3469387755102041,0.42000000000000004,1.0,49.0,0.3288590604026846,,,,,,
50轮,c3_robotaxi_t50_s0,robotaxi,18.0,0.3673469387755102,0.43,1.0,54.0,0.3624161073825503,,,,,,
50轮,c3_robotaxi_t50_s0,robotaxi,19.0,0.3877551020408163,0.42,1.0,58.0,0.38926174496644295,,,,,,
50轮,c3_robotaxi_t50_s0,robotaxi,20.0,0.40816326530612246,0.42,1.0,58.0,0.38926174496644295,,,,,,
50轮,c3_robotaxi_t50_s0,robotaxi,21.0,0.42857142857142855,0.42,1.0,58.0,0.38926174496644295,,,,,,
50轮,c3_robotaxi_t50_s0,robotaxi,22.0,0.4489795918367347,0.42,1.0,59.0,0.3959731543624161,,,,,,
50轮,c3_robotaxi_t50_s0,robotaxi,23.0,0.46938775510204084,0.42,1.0,60.0,0.40268456375838924,,,,,,
50轮,c3_robotaxi_t50_s0,robotaxi,24.0,0.4897959183673469,0.42,1.0,62.0,0.4161073825503356,,,,,,
50轮,c3_robotaxi_t50_s0,robotaxi,25.0,0.5102040816326531,0.42,1.0,64.0,0.42953020134228187,,,,,,
50轮,c3_robotaxi_t50_s0,robotaxi,26.0,0.5306122448979592,0.3,1.0,65.0,0.436241610738255,,,,,,
50轮,c3_robotaxi_t50_s0,robotaxi,27.0,0.5510204081632653,0.29500000000000004,1.0,69.0,0.46308724832214765,,,,,,
50轮,c3_robotaxi_t50_s0,robotaxi,28.0,0.5714285714285714,0.3,1.0,72.0,0.48322147651006714,,,,,,
50轮,c3_robotaxi_t50_s0,robotaxi,29.0,0.5918367346938775,0.28500000000000003,1.0,74.0,0.4966442953020134,,,,,,
50轮,c3_robotaxi_t50_s0,robotaxi,30.0,0.6122448979591837,0.29500000000000004,1.0,75.0,0.5033557046979866,,,,,,
50轮,c3_robotaxi_t50_s0,robotaxi,31.0,0.6326530612244898,0.25,1.0,76.0,0.5100671140939598,,,,,,
50轮,c3_robotaxi_t50_s0,robotaxi,32.0,0.6530612244897959,0.245,1.0,78.0,0.5234899328859061,,,,,,
50轮,c3_robotaxi_t50_s0,robotaxi,33.0,0.673469387755102,0.245,1.0,82.0,0.5503355704697986,,,,,,
50轮,c3_robotaxi_t50_s0,robotaxi,34.0,0.6938775510204082,0.24,1.0,85.0,0.5704697986577181,,,,,,
50轮,c3_robotaxi_t50_s0,robotaxi,35.0,0.7142857142857143,0.235,1.0,88.0,0.5906040268456376,,,,,,
50轮,c3_robotaxi_t50_s0,robotaxi,36.0,0.7346938775510204,0.235,1.0,88.0,0.5906040268456376,,,,,,
50轮,c3_robotaxi_t50_s0,robotaxi,37.0,0.7551020408163265,0.23,1.0,91.0,0.610738255033557,,,,,,
50轮,c3_robotaxi_t50_s0,robotaxi,38.0,0.7755102040816326,0.23,1.0,94.0,0.6308724832214765,,,,,,
50轮,c3_robotaxi_t50_s0,robotaxi,39.0,0.7959183673469388,0.23,1.0,96.0,0.6442953020134228,,,,,,
50轮,c3_robotaxi_t50_s0,robotaxi,40.0,0.8163265306122449,0.23,1.0,99.0,0.6644295302013423,,,,,,
50轮,c3_robotaxi_t50_s0,robotaxi,41.0,0.8367346938775511,0.12,1.0,104.0,0.697986577181208,,,,,,
50轮,c3_robotaxi_t50_s0,robotaxi,42.0,0.8571428571428571,0.11,1.0,111.0,0.7449664429530202,,,,,,
50轮,c3_robotaxi_t50_s0,robotaxi,43.0,0.8775510204081632,0.11,1.0,112.0,0.7516778523489933,,,,,,
50轮,c3_robotaxi_t50_s0,robotaxi,44.0,0.8979591836734694,0.11,1.0,116.0,0.7785234899328859,,,,,,
50轮,c3_robotaxi_t50_s0,robotaxi,45.0,0.9183673469387755,0.11,1.0,118.0,0.7919463087248322,,,,,,
50轮,c3_robotaxi_t50_s0,robotaxi,46.0,0.9387755102040817,0.11,1.0,125.0,0.8389261744966443,,,,,,
50轮,c3_robotaxi_t50_s0,robotaxi,47.0,0.9591836734693877,0.11499999999999999,1.0,133.0,0.8926174496644296,,,,,,
50轮,c3_robotaxi_t50_s0,robotaxi,48.0,0.9795918367346939,0.115,1.0,140.0,0.9395973154362416,,,,,,
50轮,c3_robotaxi_t50_s0,robotaxi,49.0,1.0,0.16,1.0,149.0,1.0,,,,,,
100轮,c3_robotaxi_t100_s0,robotaxi,0.0,0.0,0.5,1.0,0.0,0.0,,,,,,
100轮,c3_robotaxi_t100_s0,robotaxi,0.0,0.0,0.5,1.0,0.0,0.0,,,,,,
100轮,c3_robotaxi_t100_s0,robotaxi,1.0,0.010101010101010102,0.5,1.0,2.0,0.005970149253731343,,,,,,
100轮,c3_robotaxi_t100_s0,robotaxi,2.0,0.020202020202020204,0.45999999999999996,1.0,9.0,0.026865671641791045,,,,,,
100轮,c3_robotaxi_t100_s0,robotaxi,3.0,0.030303030303030304,0.47,1.0,13.0,0.03880597014925373,,,,,,
100轮,c3_robotaxi_t100_s0,robotaxi,4.0,0.04040404040404041,0.47,1.0,15.0,0.04477611940298507,,,,,,
100轮,c3_robotaxi_t100_s0,robotaxi,5.0,0.050505050505050504,0.475,1.0,18.0,0.05373134328358209,,,,,,
100轮,c3_robotaxi_t100_s0,robotaxi,6.0,0.06060606060606061,0.475,1.0,18.0,0.05373134328358209,,,,,,
100轮,c3_robotaxi_t100_s0,robotaxi,7.0,0.0707070707070707,0.445,1.0,21.0,0.0626865671641791,,,,,,
100轮,c3_robotaxi_t100_s0,robotaxi,8.0,0.08080808080808081,0.47,1.0,25.0,0.07462686567164178,,,,,,
100轮,c3_robotaxi_t100_s0,robotaxi,9.0,0.09090909090909091,0.47,1.0,28.0,0.08358208955223881,,,,,,
100轮,c3_robotaxi_t100_s0,robotaxi,10.0,0.10101010101010101,0.455,1.0,32.0,0.0955223880597015,,,,,,
100轮,c3_robotaxi_t100_s0,robotaxi,11.0,0.1111111111111111,0.47,1.0,36.0,0.10746268656716418,,,,,,
100轮,c3_robotaxi_t100_s0,robotaxi,12.0,0.12121212121212122,0.485,1.0,37.0,0.11044776119402985,,,,,,
100轮,c3_robotaxi_t100_s0,robotaxi,13.0,0.13131313131313133,0.44499999999999995,1.0,46.0,0.1373134328358209,,,,,,
100轮,c3_robotaxi_t100_s0,robotaxi,14.0,0.1414141414141414,0.44000000000000006,1.0,49.0,0.14626865671641792,,,,,,
100轮,c3_robotaxi_t100_s0,robotaxi,15.0,0.15151515151515152,0.405,1.0,51.0,0.15223880597014924,,,,,,
100轮,c3_robotaxi_t100_s0,robotaxi,16.0,0.16161616161616163,0.39,1.0,55.0,0.16417910447761194,,,,,,
100轮,c3_robotaxi_t100_s0,robotaxi,17.0,0.1717171717171717,0.39,1.0,57.0,0.1701492537313433,,,,,,
100轮,c3_robotaxi_t100_s0,robotaxi,18.0,0.18181818181818182,0.39,1.0,58.0,0.17313432835820897,,,,,,
100轮,c3_robotaxi_t100_s0,robotaxi,19.0,0.1919191919191919,0.39,1.0,58.0,0.17313432835820897,,,,,,
100轮,c3_robotaxi_t100_s0,robotaxi,20.0,0.20202020202020202,0.39,1.0,58.0,0.17313432835820897,,,,,,
100轮,c3_robotaxi_t100_s0,robotaxi,21.0,0.21212121212121213,0.39,1.0,58.0,0.17313432835820897,,,,,,
100轮,c3_robotaxi_t100_s0,robotaxi,22.0,0.2222222222222222,0.39,1.0,59.0,0.1761194029850746,,,,,,
100轮,c3_robotaxi_t100_s0,robotaxi,23.0,0.23232323232323232,0.39,1.0,61.0,0.18208955223880596,,,,,,
100轮,c3_robotaxi_t100_s0,robotaxi,24.0,0.24242424242424243,0.2,1.0,66.0,0.19701492537313434,,,,,,
100轮,c3_robotaxi_t100_s0,robotaxi,25.0,0.25252525252525254,0.2,1.0,66.0,0.19701492537313434,,,,,,
100轮,c3_robotaxi_t100_s0,robotaxi,26.0,0.26262626262626265,0.2,1.0,66.0,0.19701492537313434,,,,,,
100轮,c3_robotaxi_t100_s0,robotaxi,27.0,0.2727272727272727,0.225,1.0,68.0,0.20298507462686566,,,,,,
100轮,c3_robotaxi_t100_s0,robotaxi,28.0,0.2828282828282828,0.225,1.0,71.0,0.21194029850746268,,,,,,
100轮,c3_robotaxi_t100_s0,robotaxi,29.0,0.29292929292929293,0.22,1.0,80.0,0.23880597014925373,,,,,,
100轮,c3_robotaxi_t100_s0,robotaxi,30.0,0.30303030303030304,0.22499999999999998,1.0,82.0,0.24477611940298508,,,,,,
100轮,c3_robotaxi_t100_s0,robotaxi,31.0,0.31313131313131315,0.22999999999999998,1.0,84.0,0.2507462686567164,,,,,,
100轮,c3_robotaxi_t100_s0,robotaxi,32.0,0.32323232323232326,0.22499999999999998,1.0,84.0,0.2507462686567164,,,,,,
100轮,c3_robotaxi_t100_s0,robotaxi,33.0,0.3333333333333333,0.22499999999999998,1.0,87.0,0.25970149253731345,,,,,,
100轮,c3_robotaxi_t100_s0,robotaxi,34.0,0.3434343434343434,0.24,1.0,89.0,0.2656716417910448,,,,,,
100轮,c3_robotaxi_t100_s0,robotaxi,35.0,0.35353535353535354,0.235,1.0,95.0,0.2835820895522388,,,,,,
100轮,c3_robotaxi_t100_s0,robotaxi,36.0,0.36363636363636365,0.235,1.0,98.0,0.29253731343283584,,,,,,
100轮,c3_robotaxi_t100_s0,robotaxi,37.0,0.37373737373737376,0.245,1.0,102.0,0.3044776119402985,,,,,,
100轮,c3_robotaxi_t100_s0,robotaxi,38.0,0.3838383838383838,0.24,1.0,121.0,0.3611940298507463,,,,,,
100轮,c3_robotaxi_t100_s0,robotaxi,39.0,0.3939393939393939,0.25,1.0,126.0,0.3761194029850746,,,,,,
100轮,c3_robotaxi_t100_s0,robotaxi,40.0,0.40404040404040403,0.245,1.0,127.0,0.37910447761194027,,,,,,
100轮,c3_robotaxi_t100_s0,robotaxi,41.0,0.41414141414141414,0.245,1.0,128.0,0.382089552238806,,,,,,
100轮,c3_robotaxi_t100_s0,robotaxi,42.0,0.42424242424242425,0.26,1.0,129.0,0.3850746268656716,,,,,,
100轮,c3_robotaxi_t100_s0,robotaxi,43.0,0.43434343434343436,0.25,1.0,134.0,0.4,,,,,,
100轮,c3_robotaxi_t100_s0,robotaxi,44.0,0.4444444444444444,0.25,1.0,134.0,0.4,,,,,,
100轮,c3_robotaxi_t100_s0,robotaxi,45.0,0.45454545454545453,0.25,1.0,137.0,0.408955223880597,,,,,,
100轮,c3_robotaxi_t100_s0,robotaxi,46.0,0.46464646464646464,0.255,1.0,138.0,0.41194029850746267,,,,,,
100轮,c3_robotaxi_t100_s0,robotaxi,47.0,0.47474747474747475,0.255,1.0,143.0,0.42686567164179107,,,,,,
100轮,c3_robotaxi_t100_s0,robotaxi,48.0,0.48484848484848486,0.26,1.0,146.0,0.43582089552238806,,,,,,
100轮,c3_robotaxi_t100_s0,robotaxi,49.0,0.494949494949495,0.25,1.0,152.0,0.4537313432835821,,,,,,
100轮,c3_robotaxi_t100_s0,robotaxi,50.0,0.5050505050505051,0.26,1.0,155.0,0.4626865671641791,,,,,,
100轮,c3_robotaxi_t100_s0,robotaxi,51.0,0.5151515151515151,0.265,1.0,155.0,0.4626865671641791,,,,,,
100轮,c3_robotaxi_t100_s0,robotaxi,52.0,0.5252525252525253,0.26,1.0,157.0,0.46865671641791046,,,,,,
100轮,c3_robotaxi_t100_s0,robotaxi,53.0,0.5353535353535354,0.265,1.0,170.0,0.5074626865671642,,,,,,
100轮,c3_robotaxi_t100_s0,robotaxi,54.0,0.5454545454545454,0.26,1.0,172.0,0.5134328358208955,,,,,,
100轮,c3_robotaxi_t100_s0,robotaxi,55.0,0.5555555555555556,0.265,1.0,174.0,0.5194029850746269,,,,,,
100轮,c3_robotaxi_t100_s0,robotaxi,56.0,0.5656565656565656,0.265,1.0,183.0,0.5462686567164179,,,,,,
100轮,c3_robotaxi_t100_s0,robotaxi,57.0,0.5757575757575758,0.26,1.0,185.0,0.5522388059701493,,,,,,
100轮,c3_robotaxi_t100_s0,robotaxi,58.0,0.5858585858585859,0.265,1.0,186.0,0.5552238805970149,,,,,,
100轮,c3_robotaxi_t100_s0,robotaxi,59.0,0.5959595959595959,0.26,1.0,187.0,0.5582089552238806,,,,,,
100轮,c3_robotaxi_t100_s0,robotaxi,60.0,0.6060606060606061,0.27,1.0,195.0,0.582089552238806,,,,,,
100轮,c3_robotaxi_t100_s0,robotaxi,61.0,0.6161616161616161,0.27,1.0,202.0,0.6029850746268657,,,,,,
100轮,c3_robotaxi_t100_s0,robotaxi,62.0,0.6262626262626263,0.27,1.0,204.0,0.608955223880597,,,,,,
100轮,c3_robotaxi_t100_s0,robotaxi,63.0,0.6363636363636364,0.27,1.0,204.0,0.608955223880597,,,,,,
100轮,c3_robotaxi_t100_s0,robotaxi,64.0,0.6464646464646465,0.27,1.0,215.0,0.6417910447761194,,,,,,
100轮,c3_robotaxi_t100_s0,robotaxi,65.0,0.6565656565656566,0.27,1.0,218.0,0.6507462686567164,,,,,,
100轮,c3_robotaxi_t100_s0,robotaxi,66.0,0.6666666666666666,0.27,1.0,220.0,0.6567164179104478,,,,,,
100轮,c3_robotaxi_t100_s0,robotaxi,67.0,0.6767676767676768,0.27,1.0,224.0,0.6686567164179105,,,,,,
100轮,c3_robotaxi_t100_s0,robotaxi,68.0,0.6868686868686869,0.06,1.0,229.0,0.6835820895522388,,,,,,
100轮,c3_robotaxi_t100_s0,robotaxi,69.0,0.696969696969697,0.06,1.0,230.0,0.6865671641791045,,,,,,
100轮,c3_robotaxi_t100_s0,robotaxi,70.0,0.7070707070707071,0.06,1.0,236.0,0.7044776119402985,,,,,,
100轮,c3_robotaxi_t100_s0,robotaxi,71.0,0.7171717171717171,0.06,1.0,238.0,0.7104477611940299,,,,,,
100轮,c3_robotaxi_t100_s0,robotaxi,72.0,0.7272727272727273,0.06,1.0,239.0,0.7134328358208956,,,,,,
100轮,c3_robotaxi_t100_s0,robotaxi,73.0,0.7373737373737373,0.06,1.0,242.0,0.7223880597014926,,,,,,
100轮,c3_robotaxi_t100_s0,robotaxi,74.0,0.7474747474747475,0.06,1.0,244.0,0.7283582089552239,,,,,,
100轮,c3_robotaxi_t100_s0,robotaxi,75.0,0.7575757575757576,0.06,1.0,244.0,0.7283582089552239,,,,,,
100轮,c3_robotaxi_t100_s0,robotaxi,76.0,0.7676767676767676,0.06,1.0,245.0,0.7313432835820896,,,,,,
100轮,c3_robotaxi_t100_s0,robotaxi,77.0,0.7777777777777778,0.14,1.0,250.0,0.746268656716418,,,,,,
100轮,c3_robotaxi_t100_s0,robotaxi,78.0,0.7878787878787878,0.14,1.0,254.0,0.7582089552238805,,,,,,
100轮,c3_robotaxi_t100_s0,robotaxi,79.0,0.797979797979798,0.14,1.0,258.0,0.7701492537313432,,,,,,
100轮,c3_robotaxi_t100_s0,robotaxi,80.0,0.8080808080808081,0.14,1.0,258.0,0.7701492537313432,,,,,,
100轮,c3_robotaxi_t100_s0,robotaxi,81.0,0.8181818181818182,0.14,1.0,259.0,0.7731343283582089,,,,,,
100轮,c3_robotaxi_t100_s0,robotaxi,82.0,0.8282828282828283,0.09,1.0,267.0,0.7970149253731343,,,,,,
100轮,c3_robotaxi_t100_s0,robotaxi,83.0,0.8383838383838383,0.11,1.0,269.0,0.8029850746268656,,,,,,
100轮,c3_robotaxi_t100_s0,robotaxi,84.0,0.8484848484848485,0.08499999999999999,1.0,273.0,0.8149253731343283,,,,,,
100轮,c3_robotaxi_t100_s0,robotaxi,85.0,0.8585858585858586,0.08499999999999999,1.0,279.0,0.8328358208955224,,,,,,
100轮,c3_robotaxi_t100_s0,robotaxi,86.0,0.8686868686868687,0.08499999999999999,1.0,281.0,0.8388059701492537,,,,,,
100轮,c3_robotaxi_t100_s0,robotaxi,87.0,0.8787878787878788,0.08499999999999999,1.0,287.0,0.8567164179104477,,,,,,
100轮,c3_robotaxi_t100_s0,robotaxi,88.0,0.8888888888888888,0.08499999999999999,1.0,294.0,0.8776119402985074,,,,,,
100轮,c3_robotaxi_t100_s0,robotaxi,89.0,0.898989898989899,0.08499999999999999,1.0,298.0,0.8895522388059701,,,,,,
100轮,c3_robotaxi_t100_s0,robotaxi,90.0,0.9090909090909091,0.08499999999999999,1.0,304.0,0.9074626865671642,,,,,,
100轮,c3_robotaxi_t100_s0,robotaxi,91.0,0.9191919191919192,0.08499999999999999,1.0,311.0,0.9283582089552239,,,,,,
100轮,c3_robotaxi_t100_s0,robotaxi,92.0,0.9292929292929293,0.08499999999999999,1.0,314.0,0.9373134328358209,,,,,,
100轮,c3_robotaxi_t100_s0,robotaxi,93.0,0.9393939393939394,0.09,1.0,319.0,0.9522388059701492,,,,,,
100轮,c3_robotaxi_t100_s0,robotaxi,94.0,0.9494949494949495,0.09,1.0,320.0,0.9552238805970149,,,,,,
100轮,c3_robotaxi_t100_s0,robotaxi,95.0,0.9595959595959596,0.09,1.0,324.0,0.9671641791044776,,,,,,
100轮,c3_robotaxi_t100_s0,robotaxi,96.0,0.9696969696969697,0.09,1.0,328.0,0.9791044776119403,,,,,,
100轮,c3_robotaxi_t100_s0,robotaxi,97.0,0.9797979797979798,0.04,1.0,332.0,0.991044776119403,,,,,,
100轮,c3_robotaxi_t100_s0,robotaxi,98.0,0.98989898989899,0.05,1.0,335.0,1.0,,,,,,
100轮,c3_robotaxi_t100_s0,robotaxi,99.0,1.0,0.05,1.0,335.0,1.0,,,,,,
真实市场价格,c3_robotaxi_t10_s0,,,,,1.0,0.0,0.0,特斯拉 Robotaxi,0.3896961565599715,2025-08-13 17:29:32+00:00,1632.301005,will-tesla-launch-a-driverless-robotaxi-service-by-october-31,32.0
真实市场价格,c3_robotaxi_t10_s0,,,,,1.0,4.240506329113924,0.012658227848101266,特斯拉 Robotaxi,0.4053425242647182,2025-08-15 19:24:40+00:00,2548.873525,will-tesla-launch-a-driverless-robotaxi-service-by-october-31,63.0
真实市场价格,c3_robotaxi_t10_s0,,,,,1.0,8.481012658227847,0.02531645569620253,特斯拉 Robotaxi,0.3813531552728815,2025-08-17 03:37:16+00:00,4646.757428,will-tesla-launch-a-driverless-robotaxi-service-by-october-31,94.0
真实市场价格,c3_robotaxi_t10_s0,,,,,1.0,12.721518987341772,0.0379746835443038,特斯拉 Robotaxi,0.35945543924340906,2025-08-19 11:17:26+00:00,4712.076414,will-tesla-launch-a-driverless-robotaxi-service-by-october-31,125.0
真实市场价格,c3_robotaxi_t10_s0,,,,,1.0,16.962025316455694,0.05063291139240506,特斯拉 Robotaxi,0.33405905495755067,2025-08-23 20:30:15+00:00,1703.9157249999998,will-tesla-launch-a-driverless-robotaxi-service-by-october-31,156.0
真实市场价格,c3_robotaxi_t10_s0,,,,,1.0,21.20253164556962,0.06329113924050633,特斯拉 Robotaxi,0.3179731781156742,2025-08-26 00:40:33+00:00,4753.995149,will-tesla-launch-a-driverless-robotaxi-service-by-october-31,187.0
真实市场价格,c3_robotaxi_t10_s0,,,,,1.0,25.443037974683545,0.0759493670886076,特斯拉 Robotaxi,0.3196837727598212,2025-08-28 16:09:29+00:00,4497.7888920000005,will-tesla-launch-a-driverless-robotaxi-service-by-october-31,218.0
真实市场价格,c3_robotaxi_t10_s0,,,,,1.0,29.68354430379747,0.08860759493670886,特斯拉 Robotaxi,0.3284277594396101,2025-08-29 21:01:53+00:00,5430.024519,will-tesla-launch-a-driverless-robotaxi-service-by-october-31,249.0
真实市场价格,c3_robotaxi_t10_s0,,,,,1.0,33.92405063291139,0.10126582278481013,特斯拉 Robotaxi,0.36510877333529007,2025-09-01 09:10:42+00:00,3585.4858750000003,will-tesla-launch-a-driverless-robotaxi-service-by-october-31,280.0
真实市场价格,c3_robotaxi_t10_s0,,,,,1.0,38.164556962025316,0.11392405063291139,特斯拉 Robotaxi,0.3757729178204565,2025-09-02 05:56:19+00:00,3612.414171,will-tesla-launch-a-driverless-robotaxi-service-by-october-31,312.0
真实市场价格,c3_robotaxi_t10_s0,,,,,1.0,42.40506329113924,0.12658227848101267,特斯拉 Robotaxi,0.32576753915469986,2025-09-03 15:19:26+00:00,5175.853915000001,will-tesla-launch-a-driverless-robotaxi-service-by-october-31,343.0
真实市场价格,c3_robotaxi_t10_s0,,,,,1.0,46.64556962025316,0.13924050632911392,特斯拉 Robotaxi,0.2644629005911464,2025-09-04 06:04:16+00:00,3481.259449,will-tesla-launch-a-driverless-robotaxi-service-by-october-31,374.0
真实市场价格,c3_robotaxi_t10_s0,,,,,1.0,50.88607594936709,0.1518987341772152,特斯拉 Robotaxi,0.36094459364165443,2025-09-04 07:54:46+00:00,6317.849196,will-tesla-launch-a-driverless-robotaxi-service-by-october-31,405.0
真实市场价格,c3_robotaxi_t10_s0,,,,,1.0,55.12658227848101,0.16455696202531644,特斯拉 Robotaxi,0.5764832908122677,2025-09-04 10:24:00+00:00,6946.629078,will-tesla-launch-a-driverless-robotaxi-service-by-october-31,436.0
真实市场价格,c3_robotaxi_t10_s0,,,,,1.0,59.36708860759494,0.17721518987341772,特斯拉 Robotaxi,0.6444481238272617,2025-09-04 12:46:56+00:00,12733.898501,will-tesla-launch-a-driverless-robotaxi-service-by-october-31,467.0
真实市场价格,c3_robotaxi_t10_s0,,,,,1.0,63.607594936708864,0.189873417721519,特斯拉 Robotaxi,0.6525050316657829,2025-09-04 13:51:44+00:00,5865.582812,will-tesla-launch-a-driverless-robotaxi-service-by-october-31,498.0
真实市场价格,c3_robotaxi_t10_s0,,,,,1.0,67.84810126582278,0.20253164556962025,特斯拉 Robotaxi,0.6354819206421669,2025-09-04 15:34:34+00:00,11305.378587000001,will-tesla-launch-a-driverless-robotaxi-service-by-october-31,529.0
真实市场价格,c3_robotaxi_t10_s0,,,,,1.0,72.08860759493672,0.21518987341772153,特斯拉 Robotaxi,0.6195687486543527,2025-09-04 17:38:38+00:00,14804.695461,will-tesla-launch-a-driverless-robotaxi-service-by-october-31,560.0
真实市场价格,c3_robotaxi_t10_s0,,,,,1.0,76.32911392405063,0.22784810126582278,特斯拉 Robotaxi,0.6702091498435249,2025-09-04 18:22:32+00:00,1992.6847149999999,will-tesla-launch-a-driverless-robotaxi-service-by-october-31,591.0
真实市场价格,c3_robotaxi_t10_s0,,,,,1.0,80.56962025316456,0.24050632911392406,特斯拉 Robotaxi,0.6901758826233876,2025-09-04 19:25:18+00:00,2580.2919039999997,will-tesla-launch-a-driverless-robotaxi-service-by-october-31,623.0
真实市场价格,c3_robotaxi_t10_s0,,,,,1.0,84.81012658227849,0.25316455696202533,特斯拉 Robotaxi,0.6434727611235189,2025-09-04 21:57:42+00:00,7005.217551,will-tesla-launch-a-driverless-robotaxi-service-by-october-31,654.0
真实市场价格,c3_robotaxi_t10_s0,,,,,1.0,89.0506329113924,0.26582278481012656,特斯拉 Robotaxi,0.6892189706675016,2025-09-04 23:31:27+00:00,9895.632547,will-tesla-launch-a-driverless-robotaxi-service-by-october-31,685.0
真实市场价格,c3_robotaxi_t10_s0,,,,,1.0,93.29113924050633,0.27848101265822783,特斯拉 Robotaxi,0.7589063506812178,2025-09-05 01:30:34+00:00,9005.032616,will-tesla-launch-a-driverless-robotaxi-service-by-october-31,716.0
真实市场价格,c3_robotaxi_t10_s0,,,,,1.0,97.53164556962025,0.2911392405063291,特斯拉 Robotaxi,0.7404735488865638,2025-09-05 05:23:10+00:00,10445.780775,will-tesla-launch-a-driverless-robotaxi-service-by-october-31,747.0
真实市场价格,c3_robotaxi_t10_s0,,,,,1.0,101.77215189873418,0.3037974683544304,特斯拉 Robotaxi,0.8193644183290979,2025-09-05 07:20:28+00:00,20639.512574,will-tesla-launch-a-driverless-robotaxi-service-by-october-31,778.0
真实市场价格,c3_robotaxi_t10_s0,,,,,1.0,106.0126582278481,0.31645569620253167,特斯拉 Robotaxi,0.791028273798628,2025-09-05 09:10:38+00:00,2616.767861,will-tesla-launch-a-driverless-robotaxi-service-by-october-31,809.0
真实市场价格,c3_robotaxi_t10_s0,,,,,1.0,110.25316455696202,0.3291139240506329,特斯拉 Robotaxi,0.7797463467438321,2025-09-05 12:45:36+00:00,16428.37683,will-tesla-launch-a-driverless-robotaxi-service-by-october-31,840.0
真实市场价格,c3_robotaxi_t10_s0,,,,,1.0,114.49367088607595,0.34177215189873417,特斯拉 Robotaxi,0.706222591986079,2025-09-05 15:55:22+00:00,19863.203371,will-tesla-launch-a-driverless-robotaxi-service-by-october-31,871.0
真实市场价格,c3_robotaxi_t10_s0,,,,,1.0,118.73417721518987,0.35443037974683544,特斯拉 Robotaxi,0.6746715346699438,2025-09-05 18:52:46+00:00,8906.443802,will-tesla-launch-a-driverless-robotaxi-service-by-october-31,902.0
真实市场价格,c3_robotaxi_t10_s0,,,,,1.0,122.9746835443038,0.3670886075949367,特斯拉 Robotaxi,0.687925807220421,2025-09-05 19:33:42+00:00,10031.476940999999,will-tesla-launch-a-driverless-robotaxi-service-by-october-31,934.0
真实市场价格,c3_robotaxi_t10_s0,,,,,1.0,127.21518987341773,0.379746835443038,特斯拉 Robotaxi,0.6849779887936791,2025-09-05 21:43:00+00:00,6916.481786,will-tesla-launch-a-driverless-robotaxi-service-by-october-31,965.0
真实市场价格,c3_robotaxi_t10_s0,,,,,1.0,131.45569620253164,0.3924050632911392,特斯拉 Robotaxi,0.7149604159811433,2025-09-06 00:44:28+00:00,16835.181538,will-tesla-launch-a-driverless-robotaxi-service-by-october-31,996.0
真实市场价格,c3_robotaxi_t10_s0,,,,,1.0,135.69620253164555,0.4050632911392405,特斯拉 Robotaxi,0.7508754488160586,2025-09-06 05:24:20+00:00,31269.371033999996,will-tesla-launch-a-driverless-robotaxi-service-by-october-31,1027.0
真实市场价格,c3_robotaxi_t10_s0,,,,,1.0,139.9367088607595,0.4177215189873418,特斯拉 Robotaxi,0.7286172125024125,2025-09-06 10:25:14+00:00,4181.367359,will-tesla-launch-a-driverless-robotaxi-service-by-october-31,1058.0
真实市场价格,c3_robotaxi_t10_s0,,,,,1.0,144.17721518987344,0.43037974683544306,特斯拉 Robotaxi,0.7129864108680362,2025-09-06 13:21:16+00:00,9558.750915,will-tesla-launch-a-driverless-robotaxi-service-by-october-31,1089.0
真实市场价格,c3_robotaxi_t10_s0,,,,,1.0,148.41772151898732,0.4430379746835443,特斯拉 Robotaxi,0.7366534536980401,2025-09-06 17:00:42+00:00,14632.81872,will-tesla-launch-a-driverless-robotaxi-service-by-october-31,1120.0
真实市场价格,c3_robotaxi_t10_s0,,,,,1.0,152.65822784810126,0.45569620253164556,特斯拉 Robotaxi,0.7776585530412126,2025-09-06 21:31:36+00:00,34972.912768,will-tesla-launch-a-driverless-robotaxi-service-by-october-31,1151.0
真实市场价格,c3_robotaxi_t10_s0,,,,,1.0,156.89873417721518,0.46835443037974683,特斯拉 Robotaxi,0.8736860564087757,2025-09-06 22:16:20+00:00,10222.359782,will-tesla-launch-a-driverless-robotaxi-service-by-october-31,1182.0
真实市场价格,c3_robotaxi_t10_s0,,,,,1.0,161.13924050632912,0.4810126582278481,特斯拉 Robotaxi,0.8540207028687473,2025-09-06 22:32:26+00:00,38913.190328,will-tesla-launch-a-driverless-robotaxi-service-by-october-31,1213.0
真实市场价格,c3_robotaxi_t10_s0,,,,,1.0,165.37974683544306,0.4936708860759494,特斯拉 Robotaxi,0.9039854482656741,2025-09-06 23:42:14+00:00,55040.447552,will-tesla-launch-a-driverless-robotaxi-service-by-october-31,1245.0
真实市场价格,c3_robotaxi_t10_s0,,,,,1.0,169.62025316455697,0.5063291139240507,特斯拉 Robotaxi,0.9396472987613236,2025-09-07 00:27:56+00:00,17745.413156,will-tesla-launch-a-driverless-robotaxi-service-by-october-31,1276.0
真实市场价格,c3_robotaxi_t10_s0,,,,,1.0,173.86075949367088,0.5189873417721519,特斯拉 Robotaxi,0.9482920386678666,2025-09-07 02:14:16+00:00,8103.517493,will-tesla-launch-a-driverless-robotaxi-service-by-october-31,1307.0
真实市场价格,c3_robotaxi_t10_s0,,,,,1.0,178.1012658227848,0.5316455696202531,特斯拉 Robotaxi,0.9352957671321472,2025-09-07 06:08:16+00:00,34387.538207,will-tesla-launch-a-driverless-robotaxi-service-by-october-31,1338.0
真实市场价格,c3_robotaxi_t10_s0,,,,,1.0,182.34177215189874,0.5443037974683544,特斯拉 Robotaxi,0.936451621197706,2025-09-07 08:52:24+00:00,12339.746422999999,will-tesla-launch-a-driverless-robotaxi-service-by-october-31,1369.0
真实市场价格,c3_robotaxi_t10_s0,,,,,1.0,186.58227848101265,0.5569620253164557,特斯拉 Robotaxi,0.911282532858038,2025-09-07 09:31:36+00:00,38816.037865000006,will-tesla-launch-a-driverless-robotaxi-service-by-october-31,1400.0
真实市场价格,c3_robotaxi_t10_s0,,,,,1.0,190.8227848101266,0.569620253164557,特斯拉 Robotaxi,0.840939937598312,2025-09-07 10:00:46+00:00,14109.967875,will-tesla-launch-a-driverless-robotaxi-service-by-october-31,1431.0
真实市场价格,c3_robotaxi_t10_s0,,,,,1.0,195.0632911392405,0.5822784810126582,特斯拉 Robotaxi,0.7945868881770464,2025-09-07 10:29:36+00:00,14952.964899,will-tesla-launch-a-driverless-robotaxi-service-by-october-31,1462.0
真实市场价格,c3_robotaxi_t10_s0,,,,,1.0,199.30379746835442,0.5949367088607594,特斯拉 Robotaxi,0.8321283316049783,2025-09-07 11:53:36+00:00,26453.359694,will-tesla-launch-a-driverless-robotaxi-service-by-october-31,1493.0
真实市场价格,c3_robotaxi_t10_s0,,,,,1.0,203.54430379746836,0.6075949367088608,特斯拉 Robotaxi,0.8536511377374562,2025-09-07 14:26:16+00:00,6135.9631469999995,will-tesla-launch-a-driverless-robotaxi-service-by-october-31,1524.0
真实市场价格,c3_robotaxi_t10_s0,,,,,1.0,207.78481012658227,0.620253164556962,特斯拉 Robotaxi,0.8674025942829737,2025-09-07 16:40:56+00:00,11523.413828,will-tesla-launch-a-driverless-robotaxi-service-by-october-31,1556.0
真实市场价格,c3_robotaxi_t10_s0,,,,,1.0,212.0253164556962,0.6329113924050633,特斯拉 Robotaxi,0.8610934879786295,2025-09-07 18:07:50+00:00,20276.171885,will-tesla-launch-a-driverless-robotaxi-service-by-october-31,1587.0
真实市场价格,c3_robotaxi_t10_s0,,,,,1.0,216.26582278481013,0.6455696202531646,特斯拉 Robotaxi,0.8880480077120612,2025-09-07 19:04:22+00:00,14467.958736999999,will-tesla-launch-a-driverless-robotaxi-service-by-october-31,1618.0
真实市场价格,c3_robotaxi_t10_s0,,,,,1.0,220.50632911392404,0.6582278481012658,特斯拉 Robotaxi,0.9943926461934688,2025-09-07 20:08:04+00:00,45586.306748,will-tesla-launch-a-driverless-robotaxi-service-by-october-31,1649.0
真实市场价格,c3_robotaxi_t10_s0,,,,,1.0,224.74683544303798,0.6708860759493671,特斯拉 Robotaxi,0.9969668340224296,2025-09-07 21:07:54+00:00,176086.427991,will-tesla-launch-a-driverless-robotaxi-service-by-october-31,1680.0
真实市场价格,c3_robotaxi_t10_s0,,,,,1.0,228.9873417721519,0.6835443037974683,特斯拉 Robotaxi,0.996888574294222,2025-09-07 23:27:52+00:00,56700.993175,will-tesla-launch-a-driverless-robotaxi-service-by-october-31,1711.0
真实市场价格,c3_robotaxi_t10_s0,,,,,1.0,233.22784810126583,0.6962025316455697,特斯拉 Robotaxi,0.9964864773318333,2025-09-08 03:51:22+00:00,84021.48296899999,will-tesla-launch-a-driverless-robotaxi-service-by-october-31,1742.0
真实市场价格,c3_robotaxi_t10_s0,,,,,1.0,237.46835443037975,0.7088607594936709,特斯拉 Robotaxi,0.996571388513213,2025-09-08 05:09:30+00:00,68829.327451,will-tesla-launch-a-driverless-robotaxi-service-by-october-31,1773.0
真实市场价格,c3_robotaxi_t10_s0,,,,,1.0,241.70886075949366,0.7215189873417721,特斯拉 Robotaxi,0.9975047060181401,2025-09-08 08:20:36+00:00,132624.5041,will-tesla-launch-a-driverless-robotaxi-service-by-october-31,1804.0
真实市场价格,c3_robotaxi_t10_s0,,,,,1.0,245.9493670886076,0.7341772151898734,特斯拉 Robotaxi,0.9977177678212504,2025-09-08 09:55:36+00:00,159718.06718,will-tesla-launch-a-driverless-robotaxi-service-by-october-31,1835.0
真实市场价格,c3_robotaxi_t10_s0,,,,,1.0,250.18987341772151,0.7468354430379747,特斯拉 Robotaxi,0.9965147869148921,2025-09-08 11:38:42+00:00,108578.111622,will-tesla-launch-a-driverless-robotaxi-service-by-october-31,1867.0
真实市场价格,c3_robotaxi_t10_s0,,,,,1.0,254.43037974683546,0.759493670886076,特斯拉 Robotaxi,0.9966189974936233,2025-09-08 13:26:50+00:00,59261.493772,will-tesla-launch-a-driverless-robotaxi-service-by-october-31,1898.0
真实市场价格,c3_robotaxi_t10_s0,,,,,1.0,258.6708860759494,0.7721518987341772,特斯拉 Robotaxi,0.9964553612041701,2025-09-08 14:55:04+00:00,183111.984804,will-tesla-launch-a-driverless-robotaxi-service-by-october-31,1929.0
真实市场价格,c3_robotaxi_t10_s0,,,,,1.0,262.9113924050633,0.7848101265822784,特斯拉 Robotaxi,0.9962455913650834,2025-09-08 16:55:36+00:00,142338.4205,will-tesla-launch-a-driverless-robotaxi-service-by-october-31,1960.0
真实市场价格,c3_robotaxi_t10_s0,,,,,1.0,267.1518987341772,0.7974683544303798,特斯拉 Robotaxi,0.9968525411253729,2025-09-08 19:42:46+00:00,152809.16632699998,will-tesla-launch-a-driverless-robotaxi-service-by-october-31,1991.0
真实市场价格,c3_robotaxi_t10_s0,,,,,1.0,271.3924050632911,0.810126582278481,特斯拉 Robotaxi,0.9975932755025106,2025-09-08 22:10:54+00:00,77807.492903,will-tesla-launch-a-driverless-robotaxi-service-by-october-31,2022.0
真实市场价格,c3_robotaxi_t10_s0,,,,,1.0,275.6329113924051,0.8227848101265823,特斯拉 Robotaxi,0.9965393402633917,2025-09-08 23:03:02+00:00,431059.693935,will-tesla-launch-a-driverless-robotaxi-service-by-october-31,2053.0
真实市场价格,c3_robotaxi_t10_s0,,,,,1.0,279.873417721519,0.8354430379746836,特斯拉 Robotaxi,0.9964975405344094,2025-09-09 02:40:26+00:00,201424.13215400002,will-tesla-launch-a-driverless-robotaxi-service-by-october-31,2084.0
真实市场价格,c3_robotaxi_t10_s0,,,,,1.0,284.1139240506329,0.8481012658227848,特斯拉 Robotaxi,0.9965410785720333,2025-09-09 05:37:40+00:00,135302.184552,will-tesla-launch-a-driverless-robotaxi-service-by-october-31,2115.0
真实市场价格,c3_robotaxi_t10_s0,,,,,1.0,288.3544303797469,0.8607594936708861,特斯拉 Robotaxi,0.9970645161264268,2025-09-09 08:03:42+00:00,89147.670728,will-tesla-launch-a-driverless-robotaxi-service-by-october-31,2146.0
真实市场价格,c3_robotaxi_t10_s0,,,,,1.0,292.59493670886076,0.8734177215189873,特斯拉 Robotaxi,0.9972824614977269,2025-09-09 10:05:00+00:00,150744.456098,will-tesla-launch-a-driverless-robotaxi-service-by-october-31,2178.0
真实市场价格,c3_robotaxi_t10_s0,,,,,1.0,296.83544303797464,0.8860759493670886,特斯拉 Robotaxi,0.9962882970400133,2025-09-09 12:47:56+00:00,687057.788242,will-tesla-launch-a-driverless-robotaxi-service-by-october-31,2209.0
真实市场价格,c3_robotaxi_t10_s0,,,,,1.0,301.07594936708864,0.8987341772151899,特斯拉 Robotaxi,0.99589079984004,2025-09-09 15:20:08+00:00,135381.918584,will-tesla-launch-a-driverless-robotaxi-service-by-october-31,2240.0
真实市场价格,c3_robotaxi_t10_s0,,,,,1.0,305.3164556962025,0.9113924050632911,特斯拉 Robotaxi,0.9967234816928089,2025-09-09 19:42:28+00:00,171020.727897,will-tesla-launch-a-driverless-robotaxi-service-by-october-31,2271.0
真实市场价格,c3_robotaxi_t10_s0,,,,,1.0,309.55696202531647,0.9240506329113924,特斯拉 Robotaxi,0.9974019983986372,2025-09-09 23:28:36+00:00,198087.769432,will-tesla-launch-a-driverless-robotaxi-service-by-october-31,2302.0
真实市场价格,c3_robotaxi_t10_s0,,,,,1.0,313.79746835443035,0.9367088607594937,特斯拉 Robotaxi,0.9983154209401811,2025-09-10 04:40:18+00:00,414609.246126,will-tesla-launch-a-driverless-robotaxi-service-by-october-31,2333.0
真实市场价格,c3_robotaxi_t10_s0,,,,,1.0,318.0379746835443,0.9493670886075949,特斯拉 Robotaxi,0.9984119501327284,2025-09-10 08:27:23+00:00,190770.88842,will-tesla-launch-a-driverless-robotaxi-service-by-october-31,2364.0
真实市场价格,c3_robotaxi_t10_s0,,,,,1.0,322.27848101265823,0.9620253164556962,特斯拉 Robotaxi,0.9989035148284334,2025-09-10 12:35:57+00:00,370288.79253,will-tesla-launch-a-driverless-robotaxi-service-by-october-31,2395.0
真实市场价格,c3_robotaxi_t10_s0,,,,,1.0,326.5189873417721,0.9746835443037974,特斯拉 Robotaxi,0.9988160774070748,2025-09-10 14:50:18+00:00,375989.62757,will-tesla-launch-a-driverless-robotaxi-service-by-october-31,2426.0
真实市场价格,c3_robotaxi_t10_s0,,,,,1.0,330.7594936708861,0.9873417721518988,特斯拉 Robotaxi,0.9986451597096466,2025-09-10 17:59:59+00:00,123725.794858,will-tesla-launch-a-driverless-robotaxi-service-by-october-31,2457.0
真实市场价格,c3_robotaxi_t10_s0,,,,,1.0,335.0,1.0,特斯拉 Robotaxi,0.9989924911040053,2025-09-10 23:40:13+00:00,535918.5785,will-tesla-launch-a-driverless-robotaxi-service-by-october-31,2489.0
