experiment,series,config,market,market_title,agent_id,wallet_percentile,final_pnl
scale,n=10,c1_ethereum_n10_s0,ethereum,以太坊 5000 美元,1,0.0,0.0
scale,n=10,c1_ethereum_n10_s0,ethereum,以太坊 5000 美元,2,11.11111111111111,4.8
scale,n=10,c1_ethereum_n10_s0,ethereum,以太坊 5000 美元,0,22.22222222222222,18.317010109090905
scale,n=10,c1_ethereum_n10_s0,ethereum,以太坊 5000 美元,5,33.33333333333333,19.812765957446807
scale,n=10,c1_ethereum_n10_s0,ethereum,以太坊 5000 美元,6,44.44444444444444,20.0
scale,n=10,c1_ethereum_n10_s0,ethereum,以太坊 5000 美元,7,55.55555555555556,41.2
scale,n=10,c1_ethereum_n10_s0,ethereum,以太坊 5000 美元,4,66.66666666666666,42.319511630039514
scale,n=10,c1_ethereum_n10_s0,ethereum,以太坊 5000 美元,3,77.77777777777777,46.559999999999995
scale,n=10,c1_ethereum_n10_s0,ethereum,以太坊 5000 美元,9,88.88888888888889,60.05947826086958
scale,n=10,c1_ethereum_n10_s0,ethereum,以太坊 5000 美元,8,100.0,113.86435268662098
scale,n=20,c1_ethereum_n20_s0,ethereum,以太坊 5000 美元,2,0.0,0.0
scale,n=20,c1_ethereum_n20_s0,ethereum,以太坊 5000 美元,0,5.2631578947368425,0.0020147105852263538
scale,n=20,c1_ethereum_n20_s0,ethereum,以太坊 5000 美元,9,10.526315789473685,0.0032537680607208587
scale,n=20,c1_ethereum_n20_s0,ethereum,以太坊 5000 美元,10,15.789473684210527,3.3000000000000003
scale,n=20,c1_ethereum_n20_s0,ethereum,以太坊 5000 美元,1,21.05263157894737,5.789473684210526
scale,n=20,c1_ethereum_n20_s0,ethereum,以太坊 5000 美元,15,26.315789473684212,6.6000000000000005
scale,n=20,c1_ethereum_n20_s0,ethereum,以太坊 5000 美元,12,31.578947368421055,26.11258064516129
scale,n=20,c1_ethereum_n20_s0,ethereum,以太坊 5000 美元,3,36.8421052631579,29.16666666666667
scale,n=20,c1_ethereum_n20_s0,ethereum,以太坊 5000 美元,17,42.10526315789474,31.93462105263158
scale,n=20,c1_ethereum_n20_s0,ethereum,以太坊 5000 美元,7,47.36842105263158,33.400000000000006
scale,n=20,c1_ethereum_n20_s0,ethereum,以太坊 5000 美元,14,52.631578947368425,34.73684210526316
scale,n=20,c1_ethereum_n20_s0,ethereum,以太坊 5000 美元,4,57.89473684210527,35.2
scale,n=20,c1_ethereum_n20_s0,ethereum,以太坊 5000 美元,6,63.15789473684211,47.33887218045112
scale,n=20,c1_ethereum_n20_s0,ethereum,以太坊 5000 美元,13,68.42105263157896,49.83887535109719
scale,n=20,c1_ethereum_n20_s0,ethereum,以太坊 5000 美元,5,73.6842105263158,51.70000000000001
scale,n=20,c1_ethereum_n20_s0,ethereum,以太坊 5000 美元,8,78.94736842105263,52.275240774747935
scale,n=20,c1_ethereum_n20_s0,ethereum,以太坊 5000 美元,11,84.21052631578948,88.52631578947367
scale,n=20,c1_ethereum_n20_s0,ethereum,以太坊 5000 美元,19,89.47368421052633,170.3
scale,n=20,c1_ethereum_n20_s0,ethereum,以太坊 5000 美元,16,94.73684210526316,289.7007597319534
scale,n=20,c1_ethereum_n20_s0,ethereum,以太坊 5000 美元,18,100.0,739.8886502063642
scale,n=50,c1_ethereum_n50_s0,ethereum,以太坊 5000 美元,0,0.0,0.0
scale,n=50,c1_ethereum_n50_s0,ethereum,以太坊 5000 美元,10,2.0408163265306123,0.0
scale,n=50,c1_ethereum_n50_s0,ethereum,以太坊 5000 美元,6,4.081632653061225,0.0
scale,n=50,c1_ethereum_n50_s0,ethereum,以太坊 5000 美元,29,6.122448979591837,0.0
scale,n=50,c1_ethereum_n50_s0,ethereum,以太坊 5000 美元,48,8.16326530612245,0.0
scale,n=50,c1_ethereum_n50_s0,ethereum,以太坊 5000 美元,47,10.204081632653061,0.0
scale,n=50,c1_ethereum_n50_s0,ethereum,以太坊 5000 美元,49,12.244897959183675,2.7533531010703883e-15
scale,n=50,c1_ethereum_n50_s0,ethereum,以太坊 5000 美元,44,14.285714285714286,0.0006537530266351154
scale,n=50,c1_ethereum_n50_s0,ethereum,以太坊 5000 美元,20,16.3265306122449,0.004138062547675326
scale,n=50,c1_ethereum_n50_s0,ethereum,以太坊 5000 美元,28,18.367346938775512,0.538986862350573
scale,n=50,c1_ethereum_n50_s0,ethereum,以太坊 5000 美元,41,20.408163265306122,1.2413793103448276
scale,n=50,c1_ethereum_n50_s0,ethereum,以太坊 5000 美元,33,22.448979591836736,2.4877114427860887
scale,n=50,c1_ethereum_n50_s0,ethereum,以太坊 5000 美元,1,24.48979591836735,3.509824608874676
scale,n=50,c1_ethereum_n50_s0,ethereum,以太坊 5000 美元,38,26.53061224489796,3.7903005464480897
scale,n=50,c1_ethereum_n50_s0,ethereum,以太坊 5000 美元,46,28.571428571428573,3.875
scale,n=50,c1_ethereum_n50_s0,ethereum,以太坊 5000 美元,4,30.612244897959183,4.8
scale,n=50,c1_ethereum_n50_s0,ethereum,以太坊 5000 美元,17,32.6530612244898,4.800210403272939
scale,n=50,c1_ethereum_n50_s0,ethereum,以太坊 5000 美元,31,34.69387755102041,6.068288282498118
scale,n=50,c1_ethereum_n50_s0,ethereum,以太坊 5000 美元,15,36.734693877551024,6.081538461538461
scale,n=50,c1_ethereum_n50_s0,ethereum,以太坊 5000 美元,43,38.775510204081634,12.825
scale,n=50,c1_ethereum_n50_s0,ethereum,以太坊 5000 美元,35,40.816326530612244,17.570276915113872
scale,n=50,c1_ethereum_n50_s0,ethereum,以太坊 5000 美元,2,42.85714285714286,18.66549295774648
scale,n=50,c1_ethereum_n50_s0,ethereum,以太坊 5000 美元,27,44.89795918367347,19.164169000000005
scale,n=50,c1_ethereum_n50_s0,ethereum,以太坊 5000 美元,5,46.93877551020408,19.375
scale,n=50,c1_ethereum_n50_s0,ethereum,以太坊 5000 美元,32,48.9795918367347,20.8776367308409
scale,n=50,c1_ethereum_n50_s0,ethereum,以太坊 5000 美元,25,51.02040816326531,22.254182436262095
scale,n=50,c1_ethereum_n50_s0,ethereum,以太坊 5000 美元,13,53.06122448979592,29.067468722384568
scale,n=50,c1_ethereum_n50_s0,ethereum,以太坊 5000 美元,30,55.10204081632653,38.75
scale,n=50,c1_ethereum_n50_s0,ethereum,以太坊 5000 美元,26,57.142857142857146,42.88706896551724
scale,n=50,c1_ethereum_n50_s0,ethereum,以太坊 5000 美元,42,59.183673469387756,50.77733421750666
scale,n=50,c1_ethereum_n50_s0,ethereum,以太坊 5000 美元,19,61.224489795918366,53.435609308022045
scale,n=50,c1_ethereum_n50_s0,ethereum,以太坊 5000 美元,11,63.26530612244898,53.46224445334214
scale,n=50,c1_ethereum_n50_s0,ethereum,以太坊 5000 美元,7,65.3061224489796,82.251610458507
scale,n=50,c1_ethereum_n50_s0,ethereum,以太坊 5000 美元,14,67.34693877551021,94.90942028985508
scale,n=50,c1_ethereum_n50_s0,ethereum,以太坊 5000 美元,23,69.38775510204081,101.0142857142857
scale,n=50,c1_ethereum_n50_s0,ethereum,以太坊 5000 美元,40,71.42857142857143,101.5
scale,n=50,c1_ethereum_n50_s0,ethereum,以太坊 5000 美元,3,73.46938775510205,101.5
scale,n=50,c1_ethereum_n50_s0,ethereum,以太坊 5000 美元,8,75.51020408163265,104.94015804535229
scale,n=50,c1_ethereum_n50_s0,ethereum,以太坊 5000 美元,22,77.55102040816327,110.17595427761854
scale,n=50,c1_ethereum_n50_s0,ethereum,以太坊 5000 美元,9,79.59183673469389,116.47076971303856
scale,n=50,c1_ethereum_n50_s0,ethereum,以太坊 5000 美元,24,81.63265306122449,122.07469946199893
scale,n=50,c1_ethereum_n50_s0,ethereum,以太坊 5000 美元,16,83.6734693877551,145.38459789692953
scale,n=50,c1_ethereum_n50_s0,ethereum,以太坊 5000 美元,12,85.71428571428572,258.4349411764706
scale,n=50,c1_ethereum_n50_s0,ethereum,以太坊 5000 美元,45,87.75510204081633,261.1984848484849
scale,n=50,c1_ethereum_n50_s0,ethereum,以太坊 5000 美元,36,89.79591836734694,377.4374536908401
scale,n=50,c1_ethereum_n50_s0,ethereum,以太坊 5000 美元,18,91.83673469387756,416.3751200292243
scale,n=50,c1_ethereum_n50_s0,ethereum,以太坊 5000 美元,21,93.87755102040816,450.20598595872576
scale,n=50,c1_ethereum_n50_s0,ethereum,以太坊 5000 美元,39,95.91836734693878,558.4500707511481
scale,n=50,c1_ethereum_n50_s0,ethereum,以太坊 5000 美元,34,97.9591836734694,802.5835789953708
scale,n=50,c1_ethereum_n50_s0,ethereum,以太坊 5000 美元,37,100.0,836.1770014431773
scale,n=100,c1_ethereum_n100_s0,ethereum,以太坊 5000 美元,81,0.0,0.0
scale,n=100,c1_ethereum_n100_s0,ethereum,以太坊 5000 美元,95,1.0101010101010102,0.0
scale,n=100,c1_ethereum_n100_s0,ethereum,以太坊 5000 美元,59,2.0202020202020203,0.0
scale,n=100,c1_ethereum_n100_s0,ethereum,以太坊 5000 美元,23,3.0303030303030303,0.0
scale,n=100,c1_ethereum_n100_s0,ethereum,以太坊 5000 美元,89,4.040404040404041,0.0
scale,n=100,c1_ethereum_n100_s0,ethereum,以太坊 5000 美元,50,5.050505050505051,0.0
scale,n=100,c1_ethereum_n100_s0,ethereum,以太坊 5000 美元,56,6.0606060606060606,0.0
scale,n=100,c1_ethereum_n100_s0,ethereum,以太坊 5000 美元,39,7.070707070707071,0.0
scale,n=100,c1_ethereum_n100_s0,ethereum,以太坊 5000 美元,79,8.080808080808081,0.0
scale,n=100,c1_ethereum_n100_s0,ethereum,以太坊 5000 美元,76,9.090909090909092,0.0
scale,n=100,c1_ethereum_n100_s0,ethereum,以太坊 5000 美元,86,10.101010101010102,0.0
scale,n=100,c1_ethereum_n100_s0,ethereum,以太坊 5000 美元,62,11.111111111111112,0.0
scale,n=100,c1_ethereum_n100_s0,ethereum,以太坊 5000 美元,75,12.121212121212121,1.4921397450962103e-15
scale,n=100,c1_ethereum_n100_s0,ethereum,以太坊 5000 美元,72,13.131313131313131,0.000526016801891842
scale,n=100,c1_ethereum_n100_s0,ethereum,以太坊 5000 美元,68,14.141414141414142,0.0030463354763296735
scale,n=100,c1_ethereum_n100_s0,ethereum,以太坊 5000 美元,41,15.151515151515152,0.06136762127410882
scale,n=100,c1_ethereum_n100_s0,ethereum,以太坊 5000 美元,0,16.161616161616163,0.33097336363636487
scale,n=100,c1_ethereum_n100_s0,ethereum,以太坊 5000 美元,43,17.171717171717173,0.84
scale,n=100,c1_ethereum_n100_s0,ethereum,以太坊 5000 美元,7,18.181818181818183,0.8775510204081668
scale,n=100,c1_ethereum_n100_s0,ethereum,以太坊 5000 美元,55,19.191919191919194,1.033653846153849
scale,n=100,c1_ethereum_n100_s0,ethereum,以太坊 5000 美元,10,20.202020202020204,4.2
scale,n=100,c1_ethereum_n100_s0,ethereum,以太坊 5000 美元,73,21.212121212121215,4.7633333333333345
scale,n=100,c1_ethereum_n100_s0,ethereum,以太坊 5000 美元,28,22.222222222222225,6.400230406779684
scale,n=100,c1_ethereum_n100_s0,ethereum,以太坊 5000 美元,27,23.232323232323235,6.434375
scale,n=100,c1_ethereum_n100_s0,ethereum,以太坊 5000 美元,38,24.242424242424242,8.711912488944746
scale,n=100,c1_ethereum_n100_s0,ethereum,以太坊 5000 美元,46,25.252525252525253,9.472077762711866
scale,n=100,c1_ethereum_n100_s0,ethereum,以太坊 5000 美元,15,26.262626262626263,11.935757575757576
scale,n=100,c1_ethereum_n100_s0,ethereum,以太坊 5000 美元,4,27.272727272727273,12.8
scale,n=100,c1_ethereum_n100_s0,ethereum,以太坊 5000 美元,20,28.282828282828284,12.8
scale,n=100,c1_ethereum_n100_s0,ethereum,以太坊 5000 美元,31,29.292929292929294,13.03030303030303
scale,n=100,c1_ethereum_n100_s0,ethereum,以太坊 5000 美元,47,30.303030303030305,13.03220211626028
scale,n=100,c1_ethereum_n100_s0,ethereum,以太坊 5000 美元,51,31.313131313131315,13.654364959434067
scale,n=100,c1_ethereum_n100_s0,ethereum,以太坊 5000 美元,85,32.323232323232325,13.870967741935484
scale,n=100,c1_ethereum_n100_s0,ethereum,以太坊 5000 美元,96,33.333333333333336,14.97136904250004
scale,n=100,c1_ethereum_n100_s0,ethereum,以太坊 5000 美元,1,34.343434343434346,15.636363636363635
scale,n=100,c1_ethereum_n100_s0,ethereum,以太坊 5000 美元,2,35.35353535353536,15.71395894330801
scale,n=100,c1_ethereum_n100_s0,ethereum,以太坊 5000 美元,71,36.36363636363637,15.722384570426652
scale,n=100,c1_ethereum_n100_s0,ethereum,以太坊 5000 美元,65,37.37373737373738,15.849644801787656
scale,n=100,c1_ethereum_n100_s0,ethereum,以太坊 5000 美元,74,38.38383838383839,16.528125
scale,n=100,c1_ethereum_n100_s0,ethereum,以太坊 5000 美元,17,39.3939393939394,16.98228043143298
scale,n=100,c1_ethereum_n100_s0,ethereum,以太坊 5000 美元,35,40.40404040404041,19.35
scale,n=100,c1_ethereum_n100_s0,ethereum,以太坊 5000 美元,25,41.41414141414142,19.850419580419572
scale,n=100,c1_ethereum_n100_s0,ethereum,以太坊 5000 美元,61,42.42424242424243,20.056166056166056
scale,n=100,c1_ethereum_n100_s0,ethereum,以太坊 5000 美元,6,43.43434343434344,28.965517241379313
scale,n=100,c1_ethereum_n100_s0,ethereum,以太坊 5000 美元,49,44.44444444444445,31.704098613251155
scale,n=100,c1_ethereum_n100_s0,ethereum,以太坊 5000 美元,44,45.45454545454546,33.155369270601994
scale,n=100,c1_ethereum_n100_s0,ethereum,以太坊 5000 美元,98,46.46464646464647,34.222098382817066
scale,n=100,c1_ethereum_n100_s0,ethereum,以太坊 5000 美元,30,47.47474747474748,34.998617203389834
scale,n=100,c1_ethereum_n100_s0,ethereum,以太坊 5000 美元,87,48.484848484848484,36.206896551724135
scale,n=100,c1_ethereum_n100_s0,ethereum,以太坊 5000 美元,83,49.494949494949495,36.4
scale,n=100,c1_ethereum_n100_s0,ethereum,以太坊 5000 美元,52,50.505050505050505,37.673863636363635
scale,n=100,c1_ethereum_n100_s0,ethereum,以太坊 5000 美元,90,51.515151515151516,39.15362637362637
scale,n=100,c1_ethereum_n100_s0,ethereum,以太坊 5000 美元,70,52.525252525252526,40.62658138345464
scale,n=100,c1_ethereum_n100_s0,ethereum,以太坊 5000 美元,19,53.535353535353536,49.00000000000001
scale,n=100,c1_ethereum_n100_s0,ethereum,以太坊 5000 美元,78,54.54545454545455,49.16014065106195
scale,n=100,c1_ethereum_n100_s0,ethereum,以太坊 5000 美元,13,55.55555555555556,49.83050847457627
scale,n=100,c1_ethereum_n100_s0,ethereum,以太坊 5000 美元,26,56.56565656565657,50.02239767272727
scale,n=100,c1_ethereum_n100_s0,ethereum,以太坊 5000 美元,84,57.57575757575758,51.0
scale,n=100,c1_ethereum_n100_s0,ethereum,以太坊 5000 美元,64,58.58585858585859,57.522344322344324
scale,n=100,c1_ethereum_n100_s0,ethereum,以太坊 5000 美元,40,59.5959595959596,57.84210526315789
scale,n=100,c1_ethereum_n100_s0,ethereum,以太坊 5000 美元,21,60.60606060606061,64.0
scale,n=100,c1_ethereum_n100_s0,ethereum,以太坊 5000 美元,24,61.61616161616162,80.97522221257857
scale,n=100,c1_ethereum_n100_s0,ethereum,以太坊 5000 美元,32,62.62626262626263,84.37768826262625
scale,n=100,c1_ethereum_n100_s0,ethereum,以太坊 5000 美元,33,63.63636363636364,86.20988326189938
scale,n=100,c1_ethereum_n100_s0,ethereum,以太坊 5000 美元,60,64.64646464646465,93.25151658730158
scale,n=100,c1_ethereum_n100_s0,ethereum,以太坊 5000 美元,63,65.65656565656566,105.78385655172414
scale,n=100,c1_ethereum_n100_s0,ethereum,以太坊 5000 美元,94,66.66666666666667,107.0
scale,n=100,c1_ethereum_n100_s0,ethereum,以太坊 5000 美元,8,67.67676767676768,110.1875
scale,n=100,c1_ethereum_n100_s0,ethereum,以太坊 5000 美元,69,68.68686868686869,110.1875
scale,n=100,c1_ethereum_n100_s0,ethereum,以太坊 5000 美元,80,69.6969696969697,122.32720923436587
scale,n=100,c1_ethereum_n100_s0,ethereum,以太坊 5000 美元,22,70.70707070707071,122.58508158508157
scale,n=100,c1_ethereum_n100_s0,ethereum,以太坊 5000 美元,53,71.71717171717172,125.5248892329487
scale,n=100,c1_ethereum_n100_s0,ethereum,以太坊 5000 美元,11,72.72727272727273,148.26415976046397
scale,n=100,c1_ethereum_n100_s0,ethereum,以太坊 5000 美元,77,73.73737373737374,153.1875
scale,n=100,c1_ethereum_n100_s0,ethereum,以太坊 5000 美元,67,74.74747474747475,161.54118741021554
scale,n=100,c1_ethereum_n100_s0,ethereum,以太坊 5000 美元,9,75.75757575757576,176.60071430426834
scale,n=100,c1_ethereum_n100_s0,ethereum,以太坊 5000 美元,3,76.76767676767678,212.0
scale,n=100,c1_ethereum_n100_s0,ethereum,以太坊 5000 美元,93,77.77777777777779,220.57977790765636
scale,n=100,c1_ethereum_n100_s0,ethereum,以太坊 5000 美元,5,78.7878787878788,224.08406024531024
scale,n=100,c1_ethereum_n100_s0,ethereum,以太坊 5000 美元,82,79.7979797979798,283.0709771283019
scale,n=100,c1_ethereum_n100_s0,ethereum,以太坊 5000 美元,54,80.80808080808082,299.15625
scale,n=100,c1_ethereum_n100_s0,ethereum,以太坊 5000 美元,97,81.81818181818183,315.83641559075255
scale,n=100,c1_ethereum_n100_s0,ethereum,以太坊 5000 美元,34,82.82828282828284,317.3125257931032
scale,n=100,c1_ethereum_n100_s0,ethereum,以太坊 5000 美元,16,83.83838383838385,396.2227012216305
scale,n=100,c1_ethereum_n100_s0,ethereum,以太坊 5000 美元,58,84.84848484848486,408.9019928603957
scale,n=100,c1_ethereum_n100_s0,ethereum,以太坊 5000 美元,42,85.85858585858587,419.3545070033371
scale,n=100,c1_ethereum_n100_s0,ethereum,以太坊 5000 美元,57,86.86868686868688,433.58087887653346
scale,n=100,c1_ethereum_n100_s0,ethereum,以太坊 5000 美元,14,87.87878787878789,455.0988717777942
scale,n=100,c1_ethereum_n100_s0,ethereum,以太坊 5000 美元,45,88.8888888888889,480.6076923076923
scale,n=100,c1_ethereum_n100_s0,ethereum,以太坊 5000 美元,92,89.89898989898991,538.3247886435573
scale,n=100,c1_ethereum_n100_s0,ethereum,以太坊 5000 美元,12,90.90909090909092,625.5714285714286
scale,n=100,c1_ethereum_n100_s0,ethereum,以太坊 5000 美元,88,91.91919191919193,828.9573946553604
scale,n=100,c1_ethereum_n100_s0,ethereum,以太坊 5000 美元,29,92.92929292929294,839.01853814962
scale,n=100,c1_ethereum_n100_s0,ethereum,以太坊 5000 美元,36,93.93939393939395,977.1082937144679
scale,n=100,c1_ethereum_n100_s0,ethereum,以太坊 5000 美元,18,94.94949494949496,1069.7926308748258
scale,n=100,c1_ethereum_n100_s0,ethereum,以太坊 5000 美元,66,95.95959595959597,1121.9067208384856
scale,n=100,c1_ethereum_n100_s0,ethereum,以太坊 5000 美元,99,96.96969696969697,1339.7709895585826
scale,n=100,c1_ethereum_n100_s0,ethereum,以太坊 5000 美元,37,97.97979797979798,1789.875
scale,n=100,c1_ethereum_n100_s0,ethereum,以太坊 5000 美元,91,98.98989898989899,1872.5134513239125
scale,n=100,c1_ethereum_n100_s0,ethereum,以太坊 5000 美元,48,100.0,2241.175488400488
scale,n=10,c1_robotaxi_n10_s0,robotaxi,特斯拉 Robotaxi,6,0.0,0.0
scale,n=10,c1_robotaxi_n10_s0,robotaxi,特斯拉 Robotaxi,2,11.11111111111111,1.679687500000003
scale,n=10,c1_robotaxi_n10_s0,robotaxi,特斯拉 Robotaxi,4,22.22222222222222,9.343617584745763
scale,n=10,c1_robotaxi_n10_s0,robotaxi,特斯拉 Robotaxi,8,33.33333333333333,9.659090909090908
scale,n=10,c1_robotaxi_n10_s0,robotaxi,特斯拉 Robotaxi,7,44.44444444444444,10.841101694915256
scale,n=10,c1_robotaxi_n10_s0,robotaxi,特斯拉 Robotaxi,1,55.55555555555556,14.913975745178261
scale,n=10,c1_robotaxi_n10_s0,robotaxi,特斯拉 Robotaxi,5,66.66666666666666,15.158204080311968
scale,n=10,c1_robotaxi_n10_s0,robotaxi,特斯拉 Robotaxi,9,77.77777777777777,45.43913793103449
scale,n=10,c1_robotaxi_n10_s0,robotaxi,特斯拉 Robotaxi,0,88.88888888888889,139.09090909090907
scale,n=10,c1_robotaxi_n10_s0,robotaxi,特斯拉 Robotaxi,3,100.0,201.5625
scale,n=20,c1_robotaxi_n20_s0,robotaxi,特斯拉 Robotaxi,2,0.0,0.0
scale,n=20,c1_robotaxi_n20_s0,robotaxi,特斯拉 Robotaxi,14,5.2631578947368425,0.0
scale,n=20,c1_robotaxi_n20_s0,robotaxi,特斯拉 Robotaxi,4,10.526315789473685,0.003278688524587281
scale,n=20,c1_robotaxi_n20_s0,robotaxi,特斯拉 Robotaxi,8,15.789473684210527,0.005395256916995237
scale,n=20,c1_robotaxi_n20_s0,robotaxi,特斯拉 Robotaxi,7,21.05263157894737,1.131961259079904
scale,n=20,c1_robotaxi_n20_s0,robotaxi,特斯拉 Robotaxi,11,26.315789473684212,12.4
scale,n=20,c1_robotaxi_n20_s0,robotaxi,特斯拉 Robotaxi,10,31.578947368421055,12.99553268765133
scale,n=20,c1_robotaxi_n20_s0,robotaxi,特斯拉 Robotaxi,13,36.8421052631579,17.20182847982244
scale,n=20,c1_robotaxi_n20_s0,robotaxi,特斯拉 Robotaxi,18,42.10526315789474,25.618538786158187
scale,n=20,c1_robotaxi_n20_s0,robotaxi,特斯拉 Robotaxi,5,47.36842105263158,33.79897921547883
scale,n=20,c1_robotaxi_n20_s0,robotaxi,特斯拉 Robotaxi,9,52.631578947368425,47.975975241525425
scale,n=20,c1_robotaxi_n20_s0,robotaxi,特斯拉 Robotaxi,0,57.89473684210527,62.38537549407114
scale,n=20,c1_robotaxi_n20_s0,robotaxi,特斯拉 Robotaxi,16,63.15789473684211,64.76190476190476
scale,n=20,c1_robotaxi_n20_s0,robotaxi,特斯拉 Robotaxi,1,68.42105263157896,73.32
scale,n=20,c1_robotaxi_n20_s0,robotaxi,特斯拉 Robotaxi,3,73.6842105263158,111.6
scale,n=20,c1_robotaxi_n20_s0,robotaxi,特斯拉 Robotaxi,17,78.94736842105263,166.7121011708301
scale,n=20,c1_robotaxi_n20_s0,robotaxi,特斯拉 Robotaxi,19,84.21052631578948,204.40476190476195
scale,n=20,c1_robotaxi_n20_s0,robotaxi,特斯拉 Robotaxi,15,89.47368421052633,268.01909376114156
scale,n=20,c1_robotaxi_n20_s0,robotaxi,特斯拉 Robotaxi,6,94.73684210526316,477.0677966101695
scale,n=20,c1_robotaxi_n20_s0,robotaxi,特斯拉 Robotaxi,12,100.0,1093.8648431419633
scale,n=50,c1_robotaxi_n50_s0,robotaxi,特斯拉 Robotaxi,23,0.0,0.0
scale,n=50,c1_robotaxi_n50_s0,robotaxi,特斯拉 Robotaxi,25,2.0408163265306123,0.0
scale,n=50,c1_robotaxi_n50_s0,robotaxi,特斯拉 Robotaxi,33,4.081632653061225,6.572520305780927e-16
scale,n=50,c1_robotaxi_n50_s0,robotaxi,特斯拉 Robotaxi,2,6.122448979591837,5.258016244624741e-15
scale,n=50,c1_robotaxi_n50_s0,robotaxi,特斯拉 Robotaxi,9,8.16326530612245,0.0028962818003899927
scale,n=50,c1_robotaxi_n50_s0,robotaxi,特斯拉 Robotaxi,24,10.204081632653061,0.011900741111111302
scale,n=50,c1_robotaxi_n50_s0,robotaxi,特斯拉 Robotaxi,13,12.244897959183675,0.550140260531915
scale,n=50,c1_robotaxi_n50_s0,robotaxi,特斯拉 Robotaxi,45,14.285714285714286,0.8571428571428561
scale,n=50,c1_robotaxi_n50_s0,robotaxi,特斯拉 Robotaxi,28,16.3265306122449,1.0848107068914539
scale,n=50,c1_robotaxi_n50_s0,robotaxi,特斯拉 Robotaxi,48,18.367346938775512,1.2178571428571432
scale,n=50,c1_robotaxi_n50_s0,robotaxi,特斯拉 Robotaxi,29,20.408163265306122,1.3788020679908308
scale,n=50,c1_robotaxi_n50_s0,robotaxi,特斯拉 Robotaxi,39,22.448979591836736,1.8333333333333335
scale,n=50,c1_robotaxi_n50_s0,robotaxi,特斯拉 Robotaxi,14,24.48979591836735,1.87
scale,n=50,c1_robotaxi_n50_s0,robotaxi,特斯拉 Robotaxi,8,26.53061224489796,2.5469122807017537
scale,n=50,c1_robotaxi_n50_s0,robotaxi,特斯拉 Robotaxi,20,28.571428571428573,2.72011202423448
scale,n=50,c1_robotaxi_n50_s0,robotaxi,特斯拉 Robotaxi,21,30.612244897959183,4.434916157247986
scale,n=50,c1_robotaxi_n50_s0,robotaxi,特斯拉 Robotaxi,36,32.6530612244898,4.8416358974358955
scale,n=50,c1_robotaxi_n50_s0,robotaxi,特斯拉 Robotaxi,12,34.69387755102041,8.681200087322377
scale,n=50,c1_robotaxi_n50_s0,robotaxi,特斯拉 Robotaxi,4,36.734693877551024,8.722971362060807
scale,n=50,c1_robotaxi_n50_s0,robotaxi,特斯拉 Robotaxi,3,38.775510204081634,9.015064102564102
scale,n=50,c1_robotaxi_n50_s0,robotaxi,特斯拉 Robotaxi,10,40.816326530612244,9.625678346184372
scale,n=50,c1_robotaxi_n50_s0,robotaxi,特斯拉 Robotaxi,46,42.85714285714286,11.931076923076922
scale,n=50,c1_robotaxi_n50_s0,robotaxi,特斯拉 Robotaxi,7,44.89795918367347,12.530666666666667
scale,n=50,c1_robotaxi_n50_s0,robotaxi,特斯拉 Robotaxi,44,46.93877551020408,12.658933333333335
scale,n=50,c1_robotaxi_n50_s0,robotaxi,特斯拉 Robotaxi,35,48.9795918367347,13.407606350524645
scale,n=50,c1_robotaxi_n50_s0,robotaxi,特斯拉 Robotaxi,38,51.02040816326531,14.398285714285713
scale,n=50,c1_robotaxi_n50_s0,robotaxi,特斯拉 Robotaxi,5,53.06122448979592,17.50008637872683
scale,n=50,c1_robotaxi_n50_s0,robotaxi,特斯拉 Robotaxi,11,55.10204081632653,19.747375911759473
scale,n=50,c1_robotaxi_n50_s0,robotaxi,特斯拉 Robotaxi,19,57.142857142857146,19.942623250350746
scale,n=50,c1_robotaxi_n50_s0,robotaxi,特斯拉 Robotaxi,27,59.183673469387756,22.2
scale,n=50,c1_robotaxi_n50_s0,robotaxi,特斯拉 Robotaxi,42,61.224489795918366,23.764445261004166
scale,n=50,c1_robotaxi_n50_s0,robotaxi,特斯拉 Robotaxi,26,63.26530612244898,25.28066378066378
scale,n=50,c1_robotaxi_n50_s0,robotaxi,特斯拉 Robotaxi,18,65.3061224489796,27.115888170779474
scale,n=50,c1_robotaxi_n50_s0,robotaxi,特斯拉 Robotaxi,41,67.34693877551021,29.6
scale,n=50,c1_robotaxi_n50_s0,robotaxi,特斯拉 Robotaxi,0,69.38775510204081,31.653179181929172
scale,n=50,c1_robotaxi_n50_s0,robotaxi,特斯拉 Robotaxi,1,71.42857142857143,41.69780662264907
scale,n=50,c1_robotaxi_n50_s0,robotaxi,特斯拉 Robotaxi,15,73.46938775510205,49.30542839628968
scale,n=50,c1_robotaxi_n50_s0,robotaxi,特斯拉 Robotaxi,40,75.51020408163265,79.5
scale,n=50,c1_robotaxi_n50_s0,robotaxi,特斯拉 Robotaxi,47,77.55102040816327,97.7908726961104
scale,n=50,c1_robotaxi_n50_s0,robotaxi,特斯拉 Robotaxi,17,79.59183673469389,112.375
scale,n=50,c1_robotaxi_n50_s0,robotaxi,特斯拉 Robotaxi,16,81.63265306122449,123.14370798944948
scale,n=50,c1_robotaxi_n50_s0,robotaxi,特斯拉 Robotaxi,22,83.6734693877551,155.05522227024267
scale,n=50,c1_robotaxi_n50_s0,robotaxi,特斯拉 Robotaxi,49,85.71428571428572,211.19915393353855
scale,n=50,c1_robotaxi_n50_s0,robotaxi,特斯拉 Robotaxi,31,87.75510204081633,313.4935683068033
scale,n=50,c1_robotaxi_n50_s0,robotaxi,特斯拉 Robotaxi,37,89.79591836734694,342.788776965945
scale,n=50,c1_robotaxi_n50_s0,robotaxi,特斯拉 Robotaxi,30,91.83673469387756,361.41761045445577
scale,n=50,c1_robotaxi_n50_s0,robotaxi,特斯拉 Robotaxi,34,93.87755102040816,387.794387755102
scale,n=50,c1_robotaxi_n50_s0,robotaxi,特斯拉 Robotaxi,6,95.91836734693878,431.10191228070175
scale,n=50,c1_robotaxi_n50_s0,robotaxi,特斯拉 Robotaxi,32,97.9591836734694,483.41807435502955
scale,n=50,c1_robotaxi_n50_s0,robotaxi,特斯拉 Robotaxi,43,100.0,648.1588483057207
scale,n=100,c1_robotaxi_n100_s0,robotaxi,特斯拉 Robotaxi,1,0.0,0.0
scale,n=100,c1_robotaxi_n100_s0,robotaxi,特斯拉 Robotaxi,91,1.0101010101010102,0.0
scale,n=100,c1_robotaxi_n100_s0,robotaxi,特斯拉 Robotaxi,65,2.0202020202020203,0.0
scale,n=100,c1_robotaxi_n100_s0,robotaxi,特斯拉 Robotaxi,88,3.0303030303030303,1.7408297026122454e-15
scale,n=100,c1_robotaxi_n100_s0,robotaxi,特斯拉 Robotaxi,0,4.040404040404041,1.1368683772161604e-14
scale,n=100,c1_robotaxi_n100_s0,robotaxi,特斯拉 Robotaxi,49,5.050505050505051,7.332801033044234e-14
scale,n=100,c1_robotaxi_n100_s0,robotaxi,特斯拉 Robotaxi,33,6.0606060606060606,0.0003003003003005489
scale,n=100,c1_robotaxi_n100_s0,robotaxi,特斯拉 Robotaxi,28,7.070707070707071,0.000828157349891967
scale,n=100,c1_robotaxi_n100_s0,robotaxi,特斯拉 Robotaxi,57,8.080808080808081,0.000887681159419369
scale,n=100,c1_robotaxi_n100_s0,robotaxi,特斯拉 Robotaxi,53,9.090909090909092,0.003487179487183312
scale,n=100,c1_robotaxi_n100_s0,robotaxi,特斯拉 Robotaxi,24,10.101010101010102,0.06957050907489418
scale,n=100,c1_robotaxi_n100_s0,robotaxi,特斯拉 Robotaxi,13,11.111111111111112,0.11080302986425467
scale,n=100,c1_robotaxi_n100_s0,robotaxi,特斯拉 Robotaxi,98,12.121212121212121,0.16738602174796735
scale,n=100,c1_robotaxi_n100_s0,robotaxi,特斯拉 Robotaxi,84,13.131313131313131,0.26967418546365424
scale,n=100,c1_robotaxi_n100_s0,robotaxi,特斯拉 Robotaxi,56,14.141414141414142,0.5882352941176408
scale,n=100,c1_robotaxi_n100_s0,robotaxi,特斯拉 Robotaxi,72,15.151515151515152,0.6330872144607838
scale,n=100,c1_robotaxi_n100_s0,robotaxi,特斯拉 Robotaxi,26,16.161616161616163,2.1497190699771216
scale,n=100,c1_robotaxi_n100_s0,robotaxi,特斯拉 Robotaxi,50,17.171717171717173,2.4191726343137265
scale,n=100,c1_robotaxi_n100_s0,robotaxi,特斯拉 Robotaxi,61,18.181818181818183,2.739156626506025
scale,n=100,c1_robotaxi_n100_s0,robotaxi,特斯拉 Robotaxi,29,19.191919191919194,2.962962962962963
scale,n=100,c1_robotaxi_n100_s0,robotaxi,特斯拉 Robotaxi,99,20.202020202020204,4.0
scale,n=100,c1_robotaxi_n100_s0,robotaxi,特斯拉 Robotaxi,8,21.212121212121215,4.002814138143695
scale,n=100,c1_robotaxi_n100_s0,robotaxi,特斯拉 Robotaxi,64,22.222222222222225,5.337087318351619
scale,n=100,c1_robotaxi_n100_s0,robotaxi,特斯拉 Robotaxi,77,23.232323232323235,5.833333333333335
scale,n=100,c1_robotaxi_n100_s0,robotaxi,特斯拉 Robotaxi,15,24.242424242424242,6.126609657947705
scale,n=100,c1_robotaxi_n100_s0,robotaxi,特斯拉 Robotaxi,89,25.252525252525253,6.573973757072349
scale,n=100,c1_robotaxi_n100_s0,robotaxi,特斯拉 Robotaxi,79,26.262626262626263,7.375652173913043
scale,n=100,c1_robotaxi_n100_s0,robotaxi,特斯拉 Robotaxi,44,27.272727272727273,7.5555555555555545
scale,n=100,c1_robotaxi_n100_s0,robotaxi,特斯拉 Robotaxi,35,28.282828282828284,8.456794822992007
scale,n=100,c1_robotaxi_n100_s0,robotaxi,特斯拉 Robotaxi,20,29.292929292929294,9.006002406417114
scale,n=100,c1_robotaxi_n100_s0,robotaxi,特斯拉 Robotaxi,5,30.303030303030305,9.75609756097561
scale,n=100,c1_robotaxi_n100_s0,robotaxi,特斯拉 Robotaxi,93,31.313131313131315,9.8
scale,n=100,c1_robotaxi_n100_s0,robotaxi,特斯拉 Robotaxi,38,32.323232323232325,9.803992555588206
scale,n=100,c1_robotaxi_n100_s0,robotaxi,特斯拉 Robotaxi,75,33.333333333333336,10.328592418454306
scale,n=100,c1_robotaxi_n100_s0,robotaxi,特斯拉 Robotaxi,46,34.343434343434346,10.772985331517972
scale,n=100,c1_robotaxi_n100_s0,robotaxi,特斯拉 Robotaxi,7,35.35353535353536,10.941152108433736
scale,n=100,c1_robotaxi_n100_s0,robotaxi,特斯拉 Robotaxi,82,36.36363636363637,11.601802460114481
scale,n=100,c1_robotaxi_n100_s0,robotaxi,特斯拉 Robotaxi,6,37.37373737373738,12.25
scale,n=100,c1_robotaxi_n100_s0,robotaxi,特斯拉 Robotaxi,39,38.38383838383839,12.250000000000005
scale,n=100,c1_robotaxi_n100_s0,robotaxi,特斯拉 Robotaxi,85,39.3939393939394,12.588308186916402
scale,n=100,c1_robotaxi_n100_s0,robotaxi,特斯拉 Robotaxi,23,40.40404040404041,13.118342037215342
scale,n=100,c1_robotaxi_n100_s0,robotaxi,特斯拉 Robotaxi,97,41.41414141414142,13.753156565656566
scale,n=100,c1_robotaxi_n100_s0,robotaxi,特斯拉 Robotaxi,10,42.42424242424243,14.422506719627599
scale,n=100,c1_robotaxi_n100_s0,robotaxi,特斯拉 Robotaxi,11,43.43434343434344,15.295000000000002
scale,n=100,c1_robotaxi_n100_s0,robotaxi,特斯拉 Robotaxi,27,44.44444444444445,15.675
scale,n=100,c1_robotaxi_n100_s0,robotaxi,特斯拉 Robotaxi,25,45.45454545454546,16.755635883011653
scale,n=100,c1_robotaxi_n100_s0,robotaxi,特斯拉 Robotaxi,47,46.46464646464647,17.942962863164826
scale,n=100,c1_robotaxi_n100_s0,robotaxi,特斯拉 Robotaxi,51,47.47474747474748,19.579086382470667
scale,n=100,c1_robotaxi_n100_s0,robotaxi,特斯拉 Robotaxi,66,48.484848484848484,19.866678623740768
scale,n=100,c1_robotaxi_n100_s0,robotaxi,特斯拉 Robotaxi,4,49.494949494949495,20.226916708526357
scale,n=100,c1_robotaxi_n100_s0,robotaxi,特斯拉 Robotaxi,73,50.505050505050505,20.9
scale,n=100,c1_robotaxi_n100_s0,robotaxi,特斯拉 Robotaxi,86,51.515151515151516,20.900000000000006
scale,n=100,c1_robotaxi_n100_s0,robotaxi,特斯拉 Robotaxi,41,52.525252525252526,21.56666666666667
scale,n=100,c1_robotaxi_n100_s0,robotaxi,特斯拉 Robotaxi,21,53.535353535353536,24.155157214222744
scale,n=100,c1_robotaxi_n100_s0,robotaxi,特斯拉 Robotaxi,22,54.54545454545455,25.378016762442194
scale,n=100,c1_robotaxi_n100_s0,robotaxi,特斯拉 Robotaxi,48,55.55555555555556,26.250000000000007
scale,n=100,c1_robotaxi_n100_s0,robotaxi,特斯拉 Robotaxi,9,56.56565656565657,26.45
scale,n=100,c1_robotaxi_n100_s0,robotaxi,特斯拉 Robotaxi,45,57.57575757575758,28.871011479707132
scale,n=100,c1_robotaxi_n100_s0,robotaxi,特斯拉 Robotaxi,90,58.58585858585859,32.169879984514125
scale,n=100,c1_robotaxi_n100_s0,robotaxi,特斯拉 Robotaxi,19,59.5959595959596,34.063018741633215
scale,n=100,c1_robotaxi_n100_s0,robotaxi,特斯拉 Robotaxi,78,60.60606060606061,38.85714285714286
scale,n=100,c1_robotaxi_n100_s0,robotaxi,特斯拉 Robotaxi,40,61.61616161616162,49.0
scale,n=100,c1_robotaxi_n100_s0,robotaxi,特斯拉 Robotaxi,87,62.62626262626263,51.42857142857142
scale,n=100,c1_robotaxi_n100_s0,robotaxi,特斯拉 Robotaxi,76,63.63636363636364,52.25
scale,n=100,c1_robotaxi_n100_s0,robotaxi,特斯拉 Robotaxi,3,64.64646464646465,56.233333333333334
scale,n=100,c1_robotaxi_n100_s0,robotaxi,特斯拉 Robotaxi,80,65.65656565656566,69.73115942028986
scale,n=100,c1_robotaxi_n100_s0,robotaxi,特斯拉 Robotaxi,74,66.66666666666667,76.91566265060241
scale,n=100,c1_robotaxi_n100_s0,robotaxi,特斯拉 Robotaxi,62,67.67676767676768,87.07599923503538
scale,n=100,c1_robotaxi_n100_s0,robotaxi,特斯拉 Robotaxi,42,68.68686868686869,90.0
scale,n=100,c1_robotaxi_n100_s0,robotaxi,特斯拉 Robotaxi,16,69.6969696969697,92.9
scale,n=100,c1_robotaxi_n100_s0,robotaxi,特斯拉 Robotaxi,36,70.70707070707071,93.8780487804878
scale,n=100,c1_robotaxi_n100_s0,robotaxi,特斯拉 Robotaxi,81,71.71717171717172,102.08333333333334
scale,n=100,c1_robotaxi_n100_s0,robotaxi,特斯拉 Robotaxi,2,72.72727272727273,144.10833333333335
scale,n=100,c1_robotaxi_n100_s0,robotaxi,特斯拉 Robotaxi,37,73.73737373737374,150.9975117975118
scale,n=100,c1_robotaxi_n100_s0,robotaxi,特斯拉 Robotaxi,83,74.74747474747475,155.57438794726932
scale,n=100,c1_robotaxi_n100_s0,robotaxi,特斯拉 Robotaxi,30,75.75757575757576,160.43934136218277
scale,n=100,c1_robotaxi_n100_s0,robotaxi,特斯拉 Robotaxi,94,76.76767676767678,170.3242591481499
scale,n=100,c1_robotaxi_n100_s0,robotaxi,特斯拉 Robotaxi,92,77.77777777777779,171.16666666666669
scale,n=100,c1_robotaxi_n100_s0,robotaxi,特斯拉 Robotaxi,67,78.7878787878788,172.75
scale,n=100,c1_robotaxi_n100_s0,robotaxi,特斯拉 Robotaxi,55,79.7979797979798,184.05634847080634
scale,n=100,c1_robotaxi_n100_s0,robotaxi,特斯拉 Robotaxi,52,80.80808080808082,184.5
scale,n=100,c1_robotaxi_n100_s0,robotaxi,特斯拉 Robotaxi,54,81.81818181818183,197.78142314770466
scale,n=100,c1_robotaxi_n100_s0,robotaxi,特斯拉 Robotaxi,63,82.82828282828284,200.08555409356723
scale,n=100,c1_robotaxi_n100_s0,robotaxi,特斯拉 Robotaxi,60,83.83838383838385,204.16666666666669
scale,n=100,c1_robotaxi_n100_s0,robotaxi,特斯拉 Robotaxi,32,84.84848484848486,209.0
scale,n=100,c1_robotaxi_n100_s0,robotaxi,特斯拉 Robotaxi,68,85.85858585858587,231.62272269260953
scale,n=100,c1_robotaxi_n100_s0,robotaxi,特斯拉 Robotaxi,69,86.86868686868688,246.33016548463362
scale,n=100,c1_robotaxi_n100_s0,robotaxi,特斯拉 Robotaxi,18,87.87878787878789,298.21407706617396
scale,n=100,c1_robotaxi_n100_s0,robotaxi,特斯拉 Robotaxi,34,88.8888888888889,303.4777091760699
scale,n=100,c1_robotaxi_n100_s0,robotaxi,特斯拉 Robotaxi,58,89.89898989898991,358.8960843373494
scale,n=100,c1_robotaxi_n100_s0,robotaxi,特斯拉 Robotaxi,70,90.90909090909092,473.5
scale,n=100,c1_robotaxi_n100_s0,robotaxi,特斯拉 Robotaxi,59,91.91919191919193,500.07711596063325
scale,n=100,c1_robotaxi_n100_s0,robotaxi,特斯拉 Robotaxi,43,92.92929292929294,557.796541451317
scale,n=100,c1_robotaxi_n100_s0,robotaxi,特斯拉 Robotaxi,17,93.93939393939395,588.3603077738635
scale,n=100,c1_robotaxi_n100_s0,robotaxi,特斯拉 Robotaxi,31,94.94949494949496,741.302867932231
scale,n=100,c1_robotaxi_n100_s0,robotaxi,特斯拉 Robotaxi,96,95.95959595959597,881.7710843373494
scale,n=100,c1_robotaxi_n100_s0,robotaxi,特斯拉 Robotaxi,14,96.96969696969697,1202.5066967871485
scale,n=100,c1_robotaxi_n100_s0,robotaxi,特斯拉 Robotaxi,71,97.97979797979798,1211.5629985429807
scale,n=100,c1_robotaxi_n100_s0,robotaxi,特斯拉 Robotaxi,12,98.98989898989899,1440.4776170266239
scale,n=100,c1_robotaxi_n100_s0,robotaxi,特斯拉 Robotaxi,95,100.0,2174.6406800200252
