tick,active_actions,cancel_actions,fills,cum_trades,cum_active_actions,cum_cancel_actions,execution_rate,cancel_per_trade,series,config,market,market_title,experiment
0,9.0,0.0,2.0,2.0,9.0,0.0,0.2222222222222222,0.0,n=10,c1_ethereum_n10_s0,ethereum,以太坊 5000 美元,scale
1,3.0,5.0,1.0,3.0,12.0,5.0,0.25,1.6666666666666667,n=10,c1_ethereum_n10_s0,ethereum,以太坊 5000 美元,scale
2,4.0,3.0,1.0,4.0,16.0,8.0,0.25,2.0,n=10,c1_ethereum_n10_s0,ethereum,以太坊 5000 美元,scale
4,6.0,2.0,0.0,6.0,25.0,14.0,0.24,2.3333333333333335,n=10,c1_ethereum_n10_s0,ethereum,以太坊 5000 美元,scale
5,3.0,4.0,1.0,7.0,28.0,18.0,0.25,2.5714285714285716,n=10,c1_ethereum_n10_s0,ethereum,以太坊 5000 美元,scale
8,4.0,3.0,0.0,11.0,42.0,27.0,0.2619047619047619,2.4545454545454546,n=10,c1_ethereum_n10_s0,ethereum,以太坊 5000 美元,scale
9,4.0,6.0,1.0,12.0,46.0,33.0,0.2608695652173913,2.75,n=10,c1_ethereum_n10_s0,ethereum,以太坊 5000 美元,scale
10,4.0,2.0,1.0,13.0,50.0,35.0,0.26,2.6923076923076925,n=10,c1_ethereum_n10_s0,ethereum,以太坊 5000 美元,scale
14,1.0,4.0,0.0,15.0,67.0,48.0,0.22388059701492538,3.2,n=10,c1_ethereum_n10_s0,ethereum,以太坊 5000 美元,scale
15,3.0,4.0,2.0,17.0,70.0,52.0,0.24285714285714285,3.0588235294117645,n=10,c1_ethereum_n10_s0,ethereum,以太坊 5000 美元,scale
16,8.0,1.0,3.0,20.0,78.0,53.0,0.2564102564102564,2.65,n=10,c1_ethereum_n10_s0,ethereum,以太坊 5000 美元,scale
17,5.0,4.0,2.0,22.0,83.0,57.0,0.26506024096385544,2.590909090909091,n=10,c1_ethereum_n10_s0,ethereum,以太坊 5000 美元,scale
19,6.0,0.0,0.0,25.0,94.0,58.0,0.26595744680851063,2.32,n=10,c1_ethereum_n10_s0,ethereum,以太坊 5000 美元,scale
1,9.0,5.0,0.0,4.0,28.0,5.0,0.14285714285714285,1.25,n=20,c1_ethereum_n20_s0,ethereum,以太坊 5000 美元,scale
2,9.0,9.0,5.0,9.0,37.0,14.0,0.24324324324324326,1.5555555555555556,n=20,c1_ethereum_n20_s0,ethereum,以太坊 5000 美元,scale
3,14.0,2.0,1.0,10.0,51.0,16.0,0.19607843137254902,1.6,n=20,c1_ethereum_n20_s0,ethereum,以太坊 5000 美元,scale
4,9.0,9.0,1.0,11.0,60.0,25.0,0.18333333333333332,2.272727272727273,n=20,c1_ethereum_n20_s0,ethereum,以太坊 5000 美元,scale
5,9.0,1.0,3.0,14.0,69.0,26.0,0.2028985507246377,1.8571428571428572,n=20,c1_ethereum_n20_s0,ethereum,以太坊 5000 美元,scale
6,11.0,8.0,4.0,18.0,80.0,34.0,0.225,1.8888888888888888,n=20,c1_ethereum_n20_s0,ethereum,以太坊 5000 美元,scale
7,9.0,8.0,3.0,21.0,89.0,42.0,0.23595505617977527,2.0,n=20,c1_ethereum_n20_s0,ethereum,以太坊 5000 美元,scale
8,11.0,6.0,5.0,26.0,100.0,48.0,0.26,1.8461538461538463,n=20,c1_ethereum_n20_s0,ethereum,以太坊 5000 美元,scale
9,11.0,4.0,4.0,30.0,111.0,52.0,0.2702702702702703,1.7333333333333334,n=20,c1_ethereum_n20_s0,ethereum,以太坊 5000 美元,scale
10,8.0,12.0,6.0,36.0,119.0,64.0,0.3025210084033613,1.7777777777777777,n=20,c1_ethereum_n20_s0,ethereum,以太坊 5000 美元,scale
11,13.0,2.0,2.0,38.0,132.0,66.0,0.2878787878787879,1.736842105263158,n=20,c1_ethereum_n20_s0,ethereum,以太坊 5000 美元,scale
13,13.0,3.0,0.0,40.0,154.0,77.0,0.2597402597402597,1.925,n=20,c1_ethereum_n20_s0,ethereum,以太坊 5000 美元,scale
14,9.0,6.0,1.0,41.0,163.0,83.0,0.25153374233128833,2.024390243902439,n=20,c1_ethereum_n20_s0,ethereum,以太坊 5000 美元,scale
16,11.0,7.0,0.0,42.0,183.0,98.0,0.22950819672131148,2.3333333333333335,n=20,c1_ethereum_n20_s0,ethereum,以太坊 5000 美元,scale
17,9.0,6.0,2.0,44.0,192.0,104.0,0.22916666666666666,2.3636363636363638,n=20,c1_ethereum_n20_s0,ethereum,以太坊 5000 美元,scale
19,8.0,8.0,0.0,46.0,209.0,120.0,0.22009569377990432,2.608695652173913,n=20,c1_ethereum_n20_s0,ethereum,以太坊 5000 美元,scale
0,47.0,0.0,7.0,7.0,47.0,0.0,0.14893617021276595,0.0,n=50,c1_ethereum_n50_s0,ethereum,以太坊 5000 美元,scale
1,16.0,27.0,6.0,13.0,63.0,27.0,0.20634920634920634,2.076923076923077,n=50,c1_ethereum_n50_s0,ethereum,以太坊 5000 美元,scale
2,29.0,11.0,1.0,14.0,92.0,38.0,0.15217391304347827,2.7142857142857144,n=50,c1_ethereum_n50_s0,ethereum,以太坊 5000 美元,scale
3,23.0,17.0,11.0,25.0,115.0,55.0,0.21739130434782608,2.2,n=50,c1_ethereum_n50_s0,ethereum,以太坊 5000 美元,scale
4,29.0,13.0,5.0,30.0,144.0,68.0,0.20833333333333334,2.2666666666666666,n=50,c1_ethereum_n50_s0,ethereum,以太坊 5000 美元,scale
5,31.0,10.0,16.0,46.0,175.0,78.0,0.26285714285714284,1.6956521739130435,n=50,c1_ethereum_n50_s0,ethereum,以太坊 5000 美元,scale
6,27.0,12.0,2.0,48.0,202.0,90.0,0.2376237623762376,1.875,n=50,c1_ethereum_n50_s0,ethereum,以太坊 5000 美元,scale
7,24.0,20.0,7.0,55.0,226.0,110.0,0.24336283185840707,2.0,n=50,c1_ethereum_n50_s0,ethereum,以太坊 5000 美元,scale
8,28.0,9.0,7.0,62.0,254.0,119.0,0.2440944881889764,1.9193548387096775,n=50,c1_ethereum_n50_s0,ethereum,以太坊 5000 美元,scale
9,27.0,13.0,12.0,74.0,281.0,132.0,0.26334519572953735,1.7837837837837838,n=50,c1_ethereum_n50_s0,ethereum,以太坊 5000 美元,scale
10,30.0,9.0,18.0,92.0,311.0,141.0,0.2958199356913183,1.5326086956521738,n=50,c1_ethereum_n50_s0,ethereum,以太坊 5000 美元,scale
11,25.0,11.0,13.0,105.0,336.0,152.0,0.3125,1.4476190476190476,n=50,c1_ethereum_n50_s0,ethereum,以太坊 5000 美元,scale
12,24.0,15.0,14.0,119.0,360.0,167.0,0.33055555555555555,1.403361344537815,n=50,c1_ethereum_n50_s0,ethereum,以太坊 5000 美元,scale
13,26.0,7.0,14.0,133.0,386.0,174.0,0.344559585492228,1.3082706766917294,n=50,c1_ethereum_n50_s0,ethereum,以太坊 5000 美元,scale
14,31.0,10.0,20.0,153.0,417.0,184.0,0.3669064748201439,1.2026143790849673,n=50,c1_ethereum_n50_s0,ethereum,以太坊 5000 美元,scale
15,29.0,12.0,13.0,166.0,446.0,196.0,0.3721973094170404,1.180722891566265,n=50,c1_ethereum_n50_s0,ethereum,以太坊 5000 美元,scale
16,28.0,14.0,7.0,173.0,474.0,210.0,0.3649789029535865,1.2138728323699421,n=50,c1_ethereum_n50_s0,ethereum,以太坊 5000 美元,scale
17,23.0,15.0,5.0,178.0,497.0,225.0,0.358148893360161,1.2640449438202248,n=50,c1_ethereum_n50_s0,ethereum,以太坊 5000 美元,scale
18,24.0,20.0,3.0,181.0,521.0,245.0,0.3474088291746641,1.3535911602209945,n=50,c1_ethereum_n50_s0,ethereum,以太坊 5000 美元,scale
19,29.0,16.0,10.0,191.0,550.0,261.0,0.3472727272727273,1.3664921465968587,n=50,c1_ethereum_n50_s0,ethereum,以太坊 5000 美元,scale
0,81.0,1.0,10.0,10.0,81.0,1.0,0.12345679012345678,0.1,n=100,c1_ethereum_n100_s0,ethereum,以太坊 5000 美元,scale
1,33.0,58.0,5.0,15.0,114.0,59.0,0.13157894736842105,3.933333333333333,n=100,c1_ethereum_n100_s0,ethereum,以太坊 5000 美元,scale
2,53.0,19.0,3.0,18.0,167.0,78.0,0.10778443113772455,4.333333333333333,n=100,c1_ethereum_n100_s0,ethereum,以太坊 5000 美元,scale
3,51.0,27.0,30.0,48.0,218.0,105.0,0.22018348623853212,2.1875,n=100,c1_ethereum_n100_s0,ethereum,以太坊 5000 美元,scale
4,71.0,20.0,29.0,77.0,289.0,125.0,0.2664359861591695,1.6233766233766234,n=100,c1_ethereum_n100_s0,ethereum,以太坊 5000 美元,scale
5,45.0,23.0,11.0,88.0,334.0,148.0,0.2634730538922156,1.6818181818181819,n=100,c1_ethereum_n100_s0,ethereum,以太坊 5000 美元,scale
6,50.0,22.0,27.0,115.0,384.0,170.0,0.2994791666666667,1.4782608695652173,n=100,c1_ethereum_n100_s0,ethereum,以太坊 5000 美元,scale
7,53.0,26.0,25.0,140.0,437.0,196.0,0.32036613272311215,1.4,n=100,c1_ethereum_n100_s0,ethereum,以太坊 5000 美元,scale
8,61.0,24.0,30.0,170.0,498.0,220.0,0.3413654618473896,1.2941176470588236,n=100,c1_ethereum_n100_s0,ethereum,以太坊 5000 美元,scale
9,51.0,21.0,19.0,189.0,549.0,241.0,0.3442622950819672,1.2751322751322751,n=100,c1_ethereum_n100_s0,ethereum,以太坊 5000 美元,scale
10,60.0,18.0,16.0,205.0,609.0,259.0,0.3366174055829228,1.2634146341463415,n=100,c1_ethereum_n100_s0,ethereum,以太坊 5000 美元,scale
11,56.0,21.0,31.0,236.0,665.0,280.0,0.3548872180451128,1.1864406779661016,n=100,c1_ethereum_n100_s0,ethereum,以太坊 5000 美元,scale
12,57.0,22.0,30.0,266.0,722.0,302.0,0.3684210526315789,1.1353383458646618,n=100,c1_ethereum_n100_s0,ethereum,以太坊 5000 美元,scale
13,44.0,21.0,19.0,285.0,766.0,323.0,0.3720626631853786,1.1333333333333333,n=100,c1_ethereum_n100_s0,ethereum,以太坊 5000 美元,scale
14,59.0,23.0,40.0,325.0,825.0,346.0,0.3939393939393939,1.0646153846153845,n=100,c1_ethereum_n100_s0,ethereum,以太坊 5000 美元,scale
15,54.0,23.0,36.0,361.0,879.0,369.0,0.41069397042093286,1.0221606648199446,n=100,c1_ethereum_n100_s0,ethereum,以太坊 5000 美元,scale
16,57.0,15.0,22.0,383.0,936.0,384.0,0.4091880341880342,1.0026109660574412,n=100,c1_ethereum_n100_s0,ethereum,以太坊 5000 美元,scale
17,54.0,31.0,23.0,406.0,990.0,415.0,0.4101010101010101,1.022167487684729,n=100,c1_ethereum_n100_s0,ethereum,以太坊 5000 美元,scale
18,58.0,28.0,23.0,429.0,1048.0,443.0,0.40935114503816794,1.0326340326340326,n=100,c1_ethereum_n100_s0,ethereum,以太坊 5000 美元,scale
19,49.0,32.0,24.0,453.0,1097.0,475.0,0.41294439380127623,1.0485651214128036,n=100,c1_ethereum_n100_s0,ethereum,以太坊 5000 美元,scale
0,10.0,0.0,0.0,0.0,10.0,0.0,0.0,0.0,n=10,c1_robotaxi_n10_s0,robotaxi,特斯拉 Robotaxi,scale
3,5.0,4.0,0.0,1.0,24.0,14.0,0.041666666666666664,14.0,n=10,c1_robotaxi_n10_s0,robotaxi,特斯拉 Robotaxi,scale
4,6.0,3.0,1.0,2.0,30.0,17.0,0.06666666666666667,8.5,n=10,c1_robotaxi_n10_s0,robotaxi,特斯拉 Robotaxi,scale
6,9.0,1.0,0.0,5.0,45.0,21.0,0.1111111111111111,4.2,n=10,c1_robotaxi_n10_s0,robotaxi,特斯拉 Robotaxi,scale
10,5.0,4.0,0.0,6.0,68.0,35.0,0.08823529411764706,5.833333333333333,n=10,c1_robotaxi_n10_s0,robotaxi,特斯拉 Robotaxi,scale
11,6.0,3.0,1.0,7.0,74.0,38.0,0.0945945945945946,5.428571428571429,n=10,c1_robotaxi_n10_s0,robotaxi,特斯拉 Robotaxi,scale
13,3.0,5.0,0.0,8.0,84.0,46.0,0.09523809523809523,5.75,n=10,c1_robotaxi_n10_s0,robotaxi,特斯拉 Robotaxi,scale
14,7.0,1.0,1.0,9.0,91.0,47.0,0.0989010989010989,5.222222222222222,n=10,c1_robotaxi_n10_s0,robotaxi,特斯拉 Robotaxi,scale
15,5.0,5.0,4.0,13.0,96.0,52.0,0.13541666666666666,4.0,n=10,c1_robotaxi_n10_s0,robotaxi,特斯拉 Robotaxi,scale
17,3.0,5.0,0.0,18.0,107.0,58.0,0.16822429906542055,3.2222222222222223,n=10,c1_robotaxi_n10_s0,robotaxi,特斯拉 Robotaxi,scale
18,7.0,2.0,3.0,21.0,114.0,60.0,0.18421052631578946,2.857142857142857,n=10,c1_robotaxi_n10_s0,robotaxi,特斯拉 Robotaxi,scale
19,8.0,0.0,3.0,24.0,122.0,60.0,0.19672131147540983,2.5,n=10,c1_robotaxi_n10_s0,robotaxi,特斯拉 Robotaxi,scale
0,16.0,0.0,1.0,1.0,16.0,0.0,0.0625,0.0,n=20,c1_robotaxi_n20_s0,robotaxi,特斯拉 Robotaxi,scale
1,10.0,9.0,2.0,3.0,26.0,9.0,0.11538461538461539,3.0,n=20,c1_robotaxi_n20_s0,robotaxi,特斯拉 Robotaxi,scale
2,14.0,4.0,3.0,6.0,40.0,13.0,0.15,2.1666666666666665,n=20,c1_robotaxi_n20_s0,robotaxi,特斯拉 Robotaxi,scale
3,10.0,8.0,1.0,7.0,50.0,21.0,0.14,3.0,n=20,c1_robotaxi_n20_s0,robotaxi,特斯拉 Robotaxi,scale
4,10.0,7.0,1.0,8.0,60.0,28.0,0.13333333333333333,3.5,n=20,c1_robotaxi_n20_s0,robotaxi,特斯拉 Robotaxi,scale
5,11.0,6.0,2.0,10.0,71.0,34.0,0.14084507042253522,3.4,n=20,c1_robotaxi_n20_s0,robotaxi,特斯拉 Robotaxi,scale
6,13.0,5.0,3.0,13.0,84.0,39.0,0.15476190476190477,3.0,n=20,c1_robotaxi_n20_s0,robotaxi,特斯拉 Robotaxi,scale
7,11.0,6.0,1.0,14.0,95.0,45.0,0.14736842105263157,3.2142857142857144,n=20,c1_robotaxi_n20_s0,robotaxi,特斯拉 Robotaxi,scale
8,11.0,5.0,2.0,16.0,106.0,50.0,0.1509433962264151,3.125,n=20,c1_robotaxi_n20_s0,robotaxi,特斯拉 Robotaxi,scale
9,11.0,6.0,1.0,17.0,117.0,56.0,0.1452991452991453,3.2941176470588234,n=20,c1_robotaxi_n20_s0,robotaxi,特斯拉 Robotaxi,scale
11,9.0,3.0,0.0,20.0,134.0,66.0,0.14925373134328357,3.3,n=20,c1_robotaxi_n20_s0,robotaxi,特斯拉 Robotaxi,scale
12,12.0,3.0,4.0,24.0,146.0,69.0,0.1643835616438356,2.875,n=20,c1_robotaxi_n20_s0,robotaxi,特斯拉 Robotaxi,scale
13,11.0,6.0,4.0,28.0,157.0,75.0,0.17834394904458598,2.6785714285714284,n=20,c1_robotaxi_n20_s0,robotaxi,特斯拉 Robotaxi,scale
14,12.0,5.0,6.0,34.0,169.0,80.0,0.20118343195266272,2.3529411764705883,n=20,c1_robotaxi_n20_s0,robotaxi,特斯拉 Robotaxi,scale
15,12.0,5.0,2.0,36.0,181.0,85.0,0.19889502762430938,2.361111111111111,n=20,c1_robotaxi_n20_s0,robotaxi,特斯拉 Robotaxi,scale
16,8.0,10.0,2.0,38.0,189.0,95.0,0.20105820105820105,2.5,n=20,c1_robotaxi_n20_s0,robotaxi,特斯拉 Robotaxi,scale
17,10.0,7.0,1.0,39.0,199.0,102.0,0.19597989949748743,2.6153846153846154,n=20,c1_robotaxi_n20_s0,robotaxi,特斯拉 Robotaxi,scale
18,13.0,5.0,4.0,43.0,212.0,107.0,0.2028301886792453,2.488372093023256,n=20,c1_robotaxi_n20_s0,robotaxi,特斯拉 Robotaxi,scale
19,12.0,3.0,4.0,47.0,224.0,110.0,0.20982142857142858,2.3404255319148937,n=20,c1_robotaxi_n20_s0,robotaxi,特斯拉 Robotaxi,scale
0,43.0,3.0,3.0,3.0,43.0,3.0,0.06976744186046512,1.0,n=50,c1_robotaxi_n50_s0,robotaxi,特斯拉 Robotaxi,scale
1,23.0,21.0,8.0,11.0,66.0,24.0,0.16666666666666666,2.1818181818181817,n=50,c1_robotaxi_n50_s0,robotaxi,特斯拉 Robotaxi,scale
2,25.0,7.0,6.0,17.0,91.0,31.0,0.18681318681318682,1.8235294117647058,n=50,c1_robotaxi_n50_s0,robotaxi,特斯拉 Robotaxi,scale
3,23.0,12.0,12.0,29.0,114.0,43.0,0.2543859649122807,1.4827586206896552,n=50,c1_robotaxi_n50_s0,robotaxi,特斯拉 Robotaxi,scale
4,36.0,8.0,17.0,46.0,150.0,51.0,0.30666666666666664,1.108695652173913,n=50,c1_robotaxi_n50_s0,robotaxi,特斯拉 Robotaxi,scale
5,23.0,12.0,6.0,52.0,173.0,63.0,0.30057803468208094,1.2115384615384615,n=50,c1_robotaxi_n50_s0,robotaxi,特斯拉 Robotaxi,scale
6,32.0,11.0,13.0,65.0,205.0,74.0,0.3170731707317073,1.1384615384615384,n=50,c1_robotaxi_n50_s0,robotaxi,特斯拉 Robotaxi,scale
7,25.0,11.0,14.0,79.0,230.0,85.0,0.34347826086956523,1.0759493670886076,n=50,c1_robotaxi_n50_s0,robotaxi,特斯拉 Robotaxi,scale
8,34.0,10.0,17.0,96.0,264.0,95.0,0.36363636363636365,0.9895833333333334,n=50,c1_robotaxi_n50_s0,robotaxi,特斯拉 Robotaxi,scale
9,31.0,12.0,10.0,106.0,295.0,107.0,0.3593220338983051,1.009433962264151,n=50,c1_robotaxi_n50_s0,robotaxi,特斯拉 Robotaxi,scale
10,26.0,16.0,16.0,122.0,321.0,123.0,0.38006230529595014,1.0081967213114753,n=50,c1_robotaxi_n50_s0,robotaxi,特斯拉 Robotaxi,scale
11,27.0,15.0,16.0,138.0,348.0,138.0,0.39655172413793105,1.0,n=50,c1_robotaxi_n50_s0,robotaxi,特斯拉 Robotaxi,scale
12,26.0,10.0,8.0,146.0,374.0,148.0,0.39037433155080214,1.0136986301369864,n=50,c1_robotaxi_n50_s0,robotaxi,特斯拉 Robotaxi,scale
13,33.0,15.0,11.0,157.0,407.0,163.0,0.3857493857493858,1.0382165605095541,n=50,c1_robotaxi_n50_s0,robotaxi,特斯拉 Robotaxi,scale
14,25.0,17.0,4.0,161.0,432.0,180.0,0.3726851851851852,1.1180124223602483,n=50,c1_robotaxi_n50_s0,robotaxi,特斯拉 Robotaxi,scale
15,26.0,18.0,11.0,172.0,458.0,198.0,0.37554585152838427,1.1511627906976745,n=50,c1_robotaxi_n50_s0,robotaxi,特斯拉 Robotaxi,scale
16,33.0,13.0,14.0,186.0,491.0,211.0,0.3788187372708758,1.1344086021505377,n=50,c1_robotaxi_n50_s0,robotaxi,特斯拉 Robotaxi,scale
17,33.0,12.0,15.0,201.0,524.0,223.0,0.383587786259542,1.109452736318408,n=50,c1_robotaxi_n50_s0,robotaxi,特斯拉 Robotaxi,scale
18,28.0,16.0,13.0,214.0,552.0,239.0,0.38768115942028986,1.1168224299065421,n=50,c1_robotaxi_n50_s0,robotaxi,特斯拉 Robotaxi,scale
19,33.0,9.0,15.0,229.0,585.0,248.0,0.39145299145299145,1.0829694323144106,n=50,c1_robotaxi_n50_s0,robotaxi,特斯拉 Robotaxi,scale
0,87.0,1.0,8.0,8.0,87.0,1.0,0.09195402298850575,0.125,n=100,c1_robotaxi_n100_s0,robotaxi,特斯拉 Robotaxi,scale
1,38.0,53.0,8.0,16.0,125.0,54.0,0.128,3.375,n=100,c1_robotaxi_n100_s0,robotaxi,特斯拉 Robotaxi,scale
2,57.0,23.0,5.0,21.0,182.0,77.0,0.11538461538461539,3.6666666666666665,n=100,c1_robotaxi_n100_s0,robotaxi,特斯拉 Robotaxi,scale
3,52.0,30.0,15.0,36.0,234.0,107.0,0.15384615384615385,2.9722222222222223,n=100,c1_robotaxi_n100_s0,robotaxi,特斯拉 Robotaxi,scale
4,62.0,21.0,9.0,45.0,296.0,128.0,0.15202702702702703,2.8444444444444446,n=100,c1_robotaxi_n100_s0,robotaxi,特斯拉 Robotaxi,scale
5,55.0,28.0,20.0,65.0,351.0,156.0,0.18518518518518517,2.4,n=100,c1_robotaxi_n100_s0,robotaxi,特斯拉 Robotaxi,scale
6,53.0,19.0,16.0,81.0,404.0,175.0,0.2004950495049505,2.1604938271604937,n=100,c1_robotaxi_n100_s0,robotaxi,特斯拉 Robotaxi,scale
7,64.0,20.0,20.0,101.0,468.0,195.0,0.21581196581196582,1.9306930693069306,n=100,c1_robotaxi_n100_s0,robotaxi,特斯拉 Robotaxi,scale
8,48.0,31.0,17.0,118.0,516.0,226.0,0.22868217054263565,1.9152542372881356,n=100,c1_robotaxi_n100_s0,robotaxi,特斯拉 Robotaxi,scale
9,58.0,27.0,20.0,138.0,574.0,253.0,0.24041811846689895,1.8333333333333333,n=100,c1_robotaxi_n100_s0,robotaxi,特斯拉 Robotaxi,scale
10,56.0,29.0,19.0,157.0,630.0,282.0,0.2492063492063492,1.7961783439490446,n=100,c1_robotaxi_n100_s0,robotaxi,特斯拉 Robotaxi,scale
11,48.0,29.0,10.0,167.0,678.0,311.0,0.24631268436578171,1.8622754491017963,n=100,c1_robotaxi_n100_s0,robotaxi,特斯拉 Robotaxi,scale
12,57.0,33.0,19.0,186.0,735.0,344.0,0.2530612244897959,1.8494623655913978,n=100,c1_robotaxi_n100_s0,robotaxi,特斯拉 Robotaxi,scale
13,61.0,24.0,14.0,200.0,796.0,368.0,0.25125628140703515,1.84,n=100,c1_robotaxi_n100_s0,robotaxi,特斯拉 Robotaxi,scale
14,58.0,33.0,14.0,214.0,854.0,401.0,0.2505854800936768,1.8738317757009346,n=100,c1_robotaxi_n100_s0,robotaxi,特斯拉 Robotaxi,scale
15,58.0,27.0,19.0,233.0,912.0,428.0,0.25548245614035087,1.8369098712446352,n=100,c1_robotaxi_n100_s0,robotaxi,特斯拉 Robotaxi,scale
16,55.0,31.0,32.0,265.0,967.0,459.0,0.27404343329886244,1.7320754716981133,n=100,c1_robotaxi_n100_s0,robotaxi,特斯拉 Robotaxi,scale
17,64.0,18.0,27.0,292.0,1031.0,477.0,0.2832201745877789,1.6335616438356164,n=100,c1_robotaxi_n100_s0,robotaxi,特斯拉 Robotaxi,scale
18,60.0,24.0,27.0,319.0,1091.0,501.0,0.2923923006416132,1.5705329153605017,n=100,c1_robotaxi_n100_s0,robotaxi,特斯拉 Robotaxi,scale
19,61.0,24.0,34.0,353.0,1152.0,525.0,0.3064236111111111,1.4872521246458923,n=100,c1_robotaxi_n100_s0,robotaxi,特斯拉 Robotaxi,scale
0,17.0,1.0,3.0,3.0,17.0,1.0,0.17647058823529413,0.3333333333333333,10轮,c3_ethereum_t10_s0,ethereum,以太坊 5000 美元,tick_horizon
1,11.0,7.0,3.0,6.0,28.0,8.0,0.21428571428571427,1.3333333333333333,10轮,c3_ethereum_t10_s0,ethereum,以太坊 5000 美元,tick_horizon
2,12.0,7.0,1.0,7.0,40.0,15.0,0.175,2.142857142857143,10轮,c3_ethereum_t10_s0,ethereum,以太坊 5000 美元,tick_horizon
3,8.0,10.0,1.0,8.0,48.0,25.0,0.16666666666666666,3.125,10轮,c3_ethereum_t10_s0,ethereum,以太坊 5000 美元,tick_horizon
4,12.0,4.0,1.0,9.0,60.0,29.0,0.15,3.2222222222222223,10轮,c3_ethereum_t10_s0,ethereum,以太坊 5000 美元,tick_horizon
5,10.0,6.0,6.0,15.0,70.0,35.0,0.21428571428571427,2.3333333333333335,10轮,c3_ethereum_t10_s0,ethereum,以太坊 5000 美元,tick_horizon
6,16.0,3.0,3.0,18.0,86.0,38.0,0.20930232558139536,2.111111111111111,10轮,c3_ethereum_t10_s0,ethereum,以太坊 5000 美元,tick_horizon
7,11.0,8.0,4.0,22.0,97.0,46.0,0.2268041237113402,2.090909090909091,10轮,c3_ethereum_t10_s0,ethereum,以太坊 5000 美元,tick_horizon
8,10.0,6.0,2.0,24.0,107.0,52.0,0.22429906542056074,2.1666666666666665,10轮,c3_ethereum_t10_s0,ethereum,以太坊 5000 美元,tick_horizon
9,11.0,6.0,4.0,28.0,118.0,58.0,0.23728813559322035,2.0714285714285716,10轮,c3_ethereum_t10_s0,ethereum,以太坊 5000 美元,tick_horizon
1,8.0,9.0,0.0,2.0,28.0,9.0,0.07142857142857142,4.5,20轮,c3_ethereum_t20_s0,ethereum,以太坊 5000 美元,tick_horizon
2,11.0,4.0,1.0,3.0,39.0,13.0,0.07692307692307693,4.333333333333333,20轮,c3_ethereum_t20_s0,ethereum,以太坊 5000 美元,tick_horizon
3,11.0,4.0,7.0,10.0,50.0,17.0,0.2,1.7,20轮,c3_ethereum_t20_s0,ethereum,以太坊 5000 美元,tick_horizon
4,13.0,7.0,1.0,11.0,63.0,24.0,0.1746031746031746,2.1818181818181817,20轮,c3_ethereum_t20_s0,ethereum,以太坊 5000 美元,tick_horizon
5,7.0,9.0,1.0,12.0,70.0,33.0,0.17142857142857143,2.75,20轮,c3_ethereum_t20_s0,ethereum,以太坊 5000 美元,tick_horizon
6,11.0,4.0,2.0,14.0,81.0,37.0,0.1728395061728395,2.642857142857143,20轮,c3_ethereum_t20_s0,ethereum,以太坊 5000 美元,tick_horizon
7,10.0,9.0,2.0,16.0,91.0,46.0,0.17582417582417584,2.875,20轮,c3_ethereum_t20_s0,ethereum,以太坊 5000 美元,tick_horizon
8,13.0,2.0,3.0,19.0,104.0,48.0,0.18269230769230768,2.526315789473684,20轮,c3_ethereum_t20_s0,ethereum,以太坊 5000 美元,tick_horizon
9,8.0,9.0,4.0,23.0,112.0,57.0,0.20535714285714285,2.4782608695652173,20轮,c3_ethereum_t20_s0,ethereum,以太坊 5000 美元,tick_horizon
10,12.0,4.0,5.0,28.0,124.0,61.0,0.22580645161290322,2.1785714285714284,20轮,c3_ethereum_t20_s0,ethereum,以太坊 5000 美元,tick_horizon
11,9.0,6.0,1.0,29.0,133.0,67.0,0.21804511278195488,2.310344827586207,20轮,c3_ethereum_t20_s0,ethereum,以太坊 5000 美元,tick_horizon
12,8.0,5.0,4.0,33.0,141.0,72.0,0.23404255319148937,2.1818181818181817,20轮,c3_ethereum_t20_s0,ethereum,以太坊 5000 美元,tick_horizon
13,12.0,4.0,5.0,38.0,153.0,76.0,0.24836601307189543,2.0,20轮,c3_ethereum_t20_s0,ethereum,以太坊 5000 美元,tick_horizon
14,9.0,5.0,3.0,41.0,162.0,81.0,0.25308641975308643,1.975609756097561,20轮,c3_ethereum_t20_s0,ethereum,以太坊 5000 美元,tick_horizon
15,9.0,3.0,4.0,45.0,171.0,84.0,0.2631578947368421,1.8666666666666667,20轮,c3_ethereum_t20_s0,ethereum,以太坊 5000 美元,tick_horizon
16,9.0,8.0,4.0,49.0,180.0,92.0,0.2722222222222222,1.8775510204081634,20轮,c3_ethereum_t20_s0,ethereum,以太坊 5000 美元,tick_horizon
17,10.0,5.0,3.0,52.0,190.0,97.0,0.2736842105263158,1.8653846153846154,20轮,c3_ethereum_t20_s0,ethereum,以太坊 5000 美元,tick_horizon
18,10.0,5.0,1.0,53.0,200.0,102.0,0.265,1.9245283018867925,20轮,c3_ethereum_t20_s0,ethereum,以太坊 5000 美元,tick_horizon
19,9.0,5.0,4.0,57.0,209.0,107.0,0.2727272727272727,1.8771929824561404,20轮,c3_ethereum_t20_s0,ethereum,以太坊 5000 美元,tick_horizon
0,18.0,0.0,2.0,2.0,18.0,0.0,0.1111111111111111,0.0,50轮,c3_ethereum_t50_s0,ethereum,以太坊 5000 美元,tick_horizon
1,6.0,12.0,3.0,5.0,24.0,12.0,0.20833333333333334,2.4,50轮,c3_ethereum_t50_s0,ethereum,以太坊 5000 美元,tick_horizon
2,15.0,0.0,6.0,11.0,39.0,12.0,0.28205128205128205,1.0909090909090908,50轮,c3_ethereum_t50_s0,ethereum,以太坊 5000 美元,tick_horizon
3,9.0,6.0,4.0,15.0,48.0,18.0,0.3125,1.2,50轮,c3_ethereum_t50_s0,ethereum,以太坊 5000 美元,tick_horizon
4,15.0,4.0,7.0,22.0,63.0,22.0,0.3492063492063492,1.0,50轮,c3_ethereum_t50_s0,ethereum,以太坊 5000 美元,tick_horizon
5,7.0,7.0,1.0,23.0,70.0,29.0,0.32857142857142857,1.2608695652173914,50轮,c3_ethereum_t50_s0,ethereum,以太坊 5000 美元,tick_horizon
6,9.0,6.0,1.0,24.0,79.0,35.0,0.3037974683544304,1.4583333333333333,50轮,c3_ethereum_t50_s0,ethereum,以太坊 5000 美元,tick_horizon
7,10.0,5.0,5.0,29.0,89.0,40.0,0.3258426966292135,1.3793103448275863,50轮,c3_ethereum_t50_s0,ethereum,以太坊 5000 美元,tick_horizon
8,10.0,8.0,5.0,34.0,99.0,48.0,0.3434343434343434,1.411764705882353,50轮,c3_ethereum_t50_s0,ethereum,以太坊 5000 美元,tick_horizon
9,7.0,7.0,3.0,37.0,106.0,55.0,0.3490566037735849,1.4864864864864864,50轮,c3_ethereum_t50_s0,ethereum,以太坊 5000 美元,tick_horizon
10,15.0,4.0,1.0,38.0,121.0,59.0,0.3140495867768595,1.5526315789473684,50轮,c3_ethereum_t50_s0,ethereum,以太坊 5000 美元,tick_horizon
11,6.0,9.0,1.0,39.0,127.0,68.0,0.30708661417322836,1.7435897435897436,50轮,c3_ethereum_t50_s0,ethereum,以太坊 5000 美元,tick_horizon
12,12.0,5.0,2.0,41.0,139.0,73.0,0.2949640287769784,1.7804878048780488,50轮,c3_ethereum_t50_s0,ethereum,以太坊 5000 美元,tick_horizon
13,7.0,10.0,5.0,46.0,146.0,83.0,0.3150684931506849,1.8043478260869565,50轮,c3_ethereum_t50_s0,ethereum,以太坊 5000 美元,tick_horizon
14,16.0,2.0,3.0,49.0,162.0,85.0,0.30246913580246915,1.7346938775510203,50轮,c3_ethereum_t50_s0,ethereum,以太坊 5000 美元,tick_horizon
16,12.0,5.0,0.0,52.0,186.0,98.0,0.27956989247311825,1.8846153846153846,50轮,c3_ethereum_t50_s0,ethereum,以太坊 5000 美元,tick_horizon
17,10.0,8.0,6.0,58.0,196.0,106.0,0.29591836734693877,1.8275862068965518,50轮,c3_ethereum_t50_s0,ethereum,以太坊 5000 美元,tick_horizon
23,6.0,6.0,0.0,60.0,249.0,147.0,0.24096385542168675,2.45,50轮,c3_ethereum_t50_s0,ethereum,以太坊 5000 美元,tick_horizon
24,11.0,7.0,4.0,64.0,260.0,154.0,0.24615384615384617,2.40625,50轮,c3_ethereum_t50_s0,ethereum,以太坊 5000 美元,tick_horizon
26,9.0,8.0,0.0,69.0,278.0,167.0,0.24820143884892087,2.420289855072464,50轮,c3_ethereum_t50_s0,ethereum,以太坊 5000 美元,tick_horizon
27,6.0,5.0,1.0,70.0,284.0,172.0,0.24647887323943662,2.4571428571428573,50轮,c3_ethereum_t50_s0,ethereum,以太坊 5000 美元,tick_horizon
28,12.0,5.0,5.0,75.0,296.0,177.0,0.2533783783783784,2.36,50轮,c3_ethereum_t50_s0,ethereum,以太坊 5000 美元,tick_horizon
29,15.0,3.0,6.0,81.0,311.0,180.0,0.2604501607717042,2.2222222222222223,50轮,c3_ethereum_t50_s0,ethereum,以太坊 5000 美元,tick_horizon
30,13.0,1.0,8.0,89.0,324.0,181.0,0.27469135802469136,2.033707865168539,50轮,c3_ethereum_t50_s0,ethereum,以太坊 5000 美元,tick_horizon
31,7.0,11.0,2.0,91.0,331.0,192.0,0.27492447129909364,2.10989010989011,50轮,c3_ethereum_t50_s0,ethereum,以太坊 5000 美元,tick_horizon
32,16.0,2.0,3.0,94.0,347.0,194.0,0.27089337175792505,2.0638297872340425,50轮,c3_ethereum_t50_s0,ethereum,以太坊 5000 美元,tick_horizon
33,4.0,10.0,2.0,96.0,351.0,204.0,0.27350427350427353,2.125,50轮,c3_ethereum_t50_s0,ethereum,以太坊 5000 美元,tick_horizon
34,13.0,3.0,7.0,103.0,364.0,207.0,0.28296703296703296,2.0097087378640777,50轮,c3_ethereum_t50_s0,ethereum,以太坊 5000 美元,tick_horizon
36,10.0,4.0,0.0,108.0,385.0,216.0,0.2805194805194805,2.0,50轮,c3_ethereum_t50_s0,ethereum,以太坊 5000 美元,tick_horizon
37,10.0,7.0,2.0,110.0,395.0,223.0,0.27848101265822783,2.0272727272727273,50轮,c3_ethereum_t50_s0,ethereum,以太坊 5000 美元,tick_horizon
38,12.0,4.0,2.0,112.0,407.0,227.0,0.2751842751842752,2.0267857142857144,50轮,c3_ethereum_t50_s0,ethereum,以太坊 5000 美元,tick_horizon
39,9.0,8.0,2.0,114.0,416.0,235.0,0.27403846153846156,2.06140350877193,50轮,c3_ethereum_t50_s0,ethereum,以太坊 5000 美元,tick_horizon
40,10.0,4.0,3.0,117.0,426.0,239.0,0.2746478873239437,2.0427350427350426,50轮,c3_ethereum_t50_s0,ethereum,以太坊 5000 美元,tick_horizon
41,9.0,7.0,3.0,120.0,435.0,246.0,0.27586206896551724,2.05,50轮,c3_ethereum_t50_s0,ethereum,以太坊 5000 美元,tick_horizon
42,7.0,7.0,2.0,122.0,442.0,253.0,0.27601809954751133,2.0737704918032787,50轮,c3_ethereum_t50_s0,ethereum,以太坊 5000 美元,tick_horizon
43,15.0,3.0,12.0,134.0,457.0,256.0,0.29321663019693656,1.9104477611940298,50轮,c3_ethereum_t50_s0,ethereum,以太坊 5000 美元,tick_horizon
44,10.0,8.0,3.0,137.0,467.0,264.0,0.29336188436830835,1.927007299270073,50轮,c3_ethereum_t50_s0,ethereum,以太坊 5000 美元,tick_horizon
46,6.0,6.0,0.0,139.0,482.0,276.0,0.2883817427385892,1.985611510791367,50轮,c3_ethereum_t50_s0,ethereum,以太坊 5000 美元,tick_horizon
47,10.0,5.0,5.0,144.0,492.0,281.0,0.2926829268292683,1.9513888888888888,50轮,c3_ethereum_t50_s0,ethereum,以太坊 5000 美元,tick_horizon
48,8.0,5.0,4.0,148.0,500.0,286.0,0.296,1.9324324324324325,50轮,c3_ethereum_t50_s0,ethereum,以太坊 5000 美元,tick_horizon
49,5.0,6.0,1.0,149.0,505.0,292.0,0.29504950495049503,1.9597315436241611,50轮,c3_ethereum_t50_s0,ethereum,以太坊 5000 美元,tick_horizon
0,18.0,0.0,1.0,1.0,18.0,0.0,0.05555555555555555,0.0,100轮,c3_ethereum_t100_s0,ethereum,以太坊 5000 美元,tick_horizon
3,5.0,11.0,0.0,3.0,44.0,24.0,0.06818181818181818,8.0,100轮,c3_ethereum_t100_s0,ethereum,以太坊 5000 美元,tick_horizon
4,14.0,4.0,3.0,6.0,58.0,28.0,0.10344827586206896,4.666666666666667,100轮,c3_ethereum_t100_s0,ethereum,以太坊 5000 美元,tick_horizon
6,12.0,5.0,0.0,7.0,79.0,41.0,0.08860759493670886,5.857142857142857,100轮,c3_ethereum_t100_s0,ethereum,以太坊 5000 美元,tick_horizon
7,9.0,6.0,12.0,19.0,88.0,47.0,0.2159090909090909,2.473684210526316,100轮,c3_ethereum_t100_s0,ethereum,以太坊 5000 美元,tick_horizon
8,13.0,3.0,4.0,23.0,101.0,50.0,0.22772277227722773,2.1739130434782608,100轮,c3_ethereum_t100_s0,ethereum,以太坊 5000 美元,tick_horizon
10,11.0,6.0,0.0,24.0,120.0,63.0,0.2,2.625,100轮,c3_ethereum_t100_s0,ethereum,以太坊 5000 美元,tick_horizon
11,10.0,9.0,3.0,27.0,130.0,72.0,0.2076923076923077,2.6666666666666665,100轮,c3_ethereum_t100_s0,ethereum,以太坊 5000 美元,tick_horizon
13,10.0,6.0,0.0,34.0,152.0,83.0,0.2236842105263158,2.4411764705882355,100轮,c3_ethereum_t100_s0,ethereum,以太坊 5000 美元,tick_horizon
14,7.0,9.0,2.0,36.0,159.0,92.0,0.22641509433962265,2.5555555555555554,100轮,c3_ethereum_t100_s0,ethereum,以太坊 5000 美元,tick_horizon
15,13.0,6.0,2.0,38.0,172.0,98.0,0.22093023255813954,2.5789473684210527,100轮,c3_ethereum_t100_s0,ethereum,以太坊 5000 美元,tick_horizon
16,13.0,5.0,1.0,39.0,185.0,103.0,0.21081081081081082,2.641025641025641,100轮,c3_ethereum_t100_s0,ethereum,以太坊 5000 美元,tick_horizon
17,11.0,6.0,1.0,40.0,196.0,109.0,0.20408163265306123,2.725,100轮,c3_ethereum_t100_s0,ethereum,以太坊 5000 美元,tick_horizon
18,9.0,5.0,2.0,42.0,205.0,114.0,0.2048780487804878,2.7142857142857144,100轮,c3_ethereum_t100_s0,ethereum,以太坊 5000 美元,tick_horizon
19,11.0,6.0,1.0,43.0,216.0,120.0,0.19907407407407407,2.7906976744186047,100轮,c3_ethereum_t100_s0,ethereum,以太坊 5000 美元,tick_horizon
20,10.0,8.0,1.0,44.0,226.0,128.0,0.19469026548672566,2.909090909090909,100轮,c3_ethereum_t100_s0,ethereum,以太坊 5000 美元,tick_horizon
21,8.0,6.0,1.0,45.0,234.0,134.0,0.19230769230769232,2.977777777777778,100轮,c3_ethereum_t100_s0,ethereum,以太坊 5000 美元,tick_horizon
22,10.0,8.0,3.0,48.0,244.0,142.0,0.19672131147540983,2.9583333333333335,100轮,c3_ethereum_t100_s0,ethereum,以太坊 5000 美元,tick_horizon
23,9.0,8.0,3.0,51.0,253.0,150.0,0.2015810276679842,2.9411764705882355,100轮,c3_ethereum_t100_s0,ethereum,以太坊 5000 美元,tick_horizon
24,10.0,6.0,4.0,55.0,263.0,156.0,0.20912547528517111,2.8363636363636364,100轮,c3_ethereum_t100_s0,ethereum,以太坊 5000 美元,tick_horizon
25,11.0,7.0,3.0,58.0,274.0,163.0,0.2116788321167883,2.810344827586207,100轮,c3_ethereum_t100_s0,ethereum,以太坊 5000 美元,tick_horizon
26,9.0,5.0,4.0,62.0,283.0,168.0,0.21908127208480566,2.7096774193548385,100轮,c3_ethereum_t100_s0,ethereum,以太坊 5000 美元,tick_horizon
28,10.0,7.0,0.0,67.0,303.0,182.0,0.22112211221122113,2.716417910447761,100轮,c3_ethereum_t100_s0,ethereum,以太坊 5000 美元,tick_horizon
29,9.0,6.0,2.0,69.0,312.0,188.0,0.22115384615384615,2.7246376811594204,100轮,c3_ethereum_t100_s0,ethereum,以太坊 5000 美元,tick_horizon
30,9.0,2.0,3.0,72.0,321.0,190.0,0.22429906542056074,2.638888888888889,100轮,c3_ethereum_t100_s0,ethereum,以太坊 5000 美元,tick_horizon
31,12.0,4.0,1.0,73.0,333.0,194.0,0.21921921921921922,2.6575342465753424,100轮,c3_ethereum_t100_s0,ethereum,以太坊 5000 美元,tick_horizon
32,11.0,8.0,3.0,76.0,344.0,202.0,0.22093023255813954,2.6578947368421053,100轮,c3_ethereum_t100_s0,ethereum,以太坊 5000 美元,tick_horizon
33,12.0,5.0,2.0,78.0,356.0,207.0,0.21910112359550563,2.6538461538461537,100轮,c3_ethereum_t100_s0,ethereum,以太坊 5000 美元,tick_horizon
34,7.0,11.0,4.0,82.0,363.0,218.0,0.22589531680440772,2.658536585365854,100轮,c3_ethereum_t100_s0,ethereum,以太坊 5000 美元,tick_horizon
35,11.0,2.0,4.0,86.0,374.0,220.0,0.22994652406417113,2.558139534883721,100轮,c3_ethereum_t100_s0,ethereum,以太坊 5000 美元,tick_horizon
36,10.0,7.0,4.0,90.0,384.0,227.0,0.234375,2.522222222222222,100轮,c3_ethereum_t100_s0,ethereum,以太坊 5000 美元,tick_horizon
37,9.0,5.0,6.0,96.0,393.0,232.0,0.24427480916030533,2.4166666666666665,100轮,c3_ethereum_t100_s0,ethereum,以太坊 5000 美元,tick_horizon
38,10.0,3.0,5.0,101.0,403.0,235.0,0.2506203473945409,2.3267326732673266,100轮,c3_ethereum_t100_s0,ethereum,以太坊 5000 美元,tick_horizon
39,6.0,7.0,1.0,102.0,409.0,242.0,0.24938875305623473,2.372549019607843,100轮,c3_ethereum_t100_s0,ethereum,以太坊 5000 美元,tick_horizon
40,13.0,5.0,2.0,104.0,422.0,247.0,0.24644549763033174,2.375,100轮,c3_ethereum_t100_s0,ethereum,以太坊 5000 美元,tick_horizon
41,8.0,9.0,4.0,108.0,430.0,256.0,0.25116279069767444,2.3703703703703702,100轮,c3_ethereum_t100_s0,ethereum,以太坊 5000 美元,tick_horizon
42,8.0,4.0,9.0,117.0,438.0,260.0,0.2671232876712329,2.2222222222222223,100轮,c3_ethereum_t100_s0,ethereum,以太坊 5000 美元,tick_horizon
43,7.0,4.0,3.0,120.0,445.0,264.0,0.2696629213483146,2.2,100轮,c3_ethereum_t100_s0,ethereum,以太坊 5000 美元,tick_horizon
44,12.0,3.0,5.0,125.0,457.0,267.0,0.2735229759299781,2.136,100轮,c3_ethereum_t100_s0,ethereum,以太坊 5000 美元,tick_horizon
45,11.0,6.0,5.0,130.0,468.0,273.0,0.2777777777777778,2.1,100轮,c3_ethereum_t100_s0,ethereum,以太坊 5000 美元,tick_horizon
46,10.0,7.0,6.0,136.0,478.0,280.0,0.28451882845188287,2.0588235294117645,100轮,c3_ethereum_t100_s0,ethereum,以太坊 5000 美元,tick_horizon
47,10.0,5.0,1.0,137.0,488.0,285.0,0.2807377049180328,2.0802919708029197,100轮,c3_ethereum_t100_s0,ethereum,以太坊 5000 美元,tick_horizon
48,10.0,7.0,6.0,143.0,498.0,292.0,0.28714859437751006,2.041958041958042,100轮,c3_ethereum_t100_s0,ethereum,以太坊 5000 美元,tick_horizon
49,11.0,2.0,5.0,148.0,509.0,294.0,0.2907662082514735,1.9864864864864864,100轮,c3_ethereum_t100_s0,ethereum,以太坊 5000 美元,tick_horizon
50,9.0,8.0,5.0,153.0,518.0,302.0,0.2953667953667954,1.973856209150327,100轮,c3_ethereum_t100_s0,ethereum,以太坊 5000 美元,tick_horizon
51,8.0,4.0,4.0,157.0,526.0,306.0,0.2984790874524715,1.9490445859872612,100轮,c3_ethereum_t100_s0,ethereum,以太坊 5000 美元,tick_horizon
52,9.0,3.0,1.0,158.0,535.0,309.0,0.2953271028037383,1.9556962025316456,100轮,c3_ethereum_t100_s0,ethereum,以太坊 5000 美元,tick_horizon
53,7.0,9.0,4.0,162.0,542.0,318.0,0.2988929889298893,1.962962962962963,100轮,c3_ethereum_t100_s0,ethereum,以太坊 5000 美元,tick_horizon
54,14.0,4.0,4.0,166.0,556.0,322.0,0.29856115107913667,1.9397590361445782,100轮,c3_ethereum_t100_s0,ethereum,以太坊 5000 美元,tick_horizon
55,10.0,5.0,4.0,170.0,566.0,327.0,0.3003533568904594,1.923529411764706,100轮,c3_ethereum_t100_s0,ethereum,以太坊 5000 美元,tick_horizon
56,11.0,7.0,3.0,173.0,577.0,334.0,0.29982668977469673,1.930635838150289,100轮,c3_ethereum_t100_s0,ethereum,以太坊 5000 美元,tick_horizon
57,10.0,6.0,2.0,175.0,587.0,340.0,0.2981260647359455,1.9428571428571428,100轮,c3_ethereum_t100_s0,ethereum,以太坊 5000 美元,tick_horizon
58,6.0,10.0,1.0,176.0,593.0,350.0,0.29679595278246207,1.9886363636363635,100轮,c3_ethereum_t100_s0,ethereum,以太坊 5000 美元,tick_horizon
59,10.0,1.0,5.0,181.0,603.0,351.0,0.30016583747927034,1.9392265193370166,100轮,c3_ethereum_t100_s0,ethereum,以太坊 5000 美元,tick_horizon
62,9.0,9.0,0.0,184.0,630.0,372.0,0.2920634920634921,2.0217391304347827,100轮,c3_ethereum_t100_s0,ethereum,以太坊 5000 美元,tick_horizon
63,12.0,3.0,2.0,186.0,642.0,375.0,0.2897196261682243,2.0161290322580645,100轮,c3_ethereum_t100_s0,ethereum,以太坊 5000 美元,tick_horizon
64,6.0,6.0,2.0,188.0,648.0,381.0,0.29012345679012347,2.026595744680851,100轮,c3_ethereum_t100_s0,ethereum,以太坊 5000 美元,tick_horizon
65,9.0,7.0,1.0,189.0,657.0,388.0,0.2876712328767123,2.052910052910053,100轮,c3_ethereum_t100_s0,ethereum,以太坊 5000 美元,tick_horizon
66,10.0,6.0,5.0,194.0,667.0,394.0,0.2908545727136432,2.0309278350515463,100轮,c3_ethereum_t100_s0,ethereum,以太坊 5000 美元,tick_horizon
67,6.0,7.0,4.0,198.0,673.0,401.0,0.29420505200594355,2.025252525252525,100轮,c3_ethereum_t100_s0,ethereum,以太坊 5000 美元,tick_horizon
68,14.0,2.0,3.0,201.0,687.0,403.0,0.2925764192139738,2.0049751243781095,100轮,c3_ethereum_t100_s0,ethereum,以太坊 5000 美元,tick_horizon
69,7.0,9.0,2.0,203.0,694.0,412.0,0.29250720461095103,2.0295566502463056,100轮,c3_ethereum_t100_s0,ethereum,以太坊 5000 美元,tick_horizon
70,12.0,1.0,10.0,213.0,706.0,413.0,0.301699716713881,1.9389671361502347,100轮,c3_ethereum_t100_s0,ethereum,以太坊 5000 美元,tick_horizon
71,8.0,6.0,4.0,217.0,714.0,419.0,0.30392156862745096,1.9308755760368663,100轮,c3_ethereum_t100_s0,ethereum,以太坊 5000 美元,tick_horizon
72,10.0,6.0,3.0,220.0,724.0,425.0,0.30386740331491713,1.9318181818181819,100轮,c3_ethereum_t100_s0,ethereum,以太坊 5000 美元,tick_horizon
73,8.0,6.0,2.0,222.0,732.0,431.0,0.30327868852459017,1.9414414414414414,100轮,c3_ethereum_t100_s0,ethereum,以太坊 5000 美元,tick_horizon
74,9.0,9.0,4.0,226.0,741.0,440.0,0.3049932523616734,1.9469026548672566,100轮,c3_ethereum_t100_s0,ethereum,以太坊 5000 美元,tick_horizon
75,10.0,7.0,5.0,231.0,751.0,447.0,0.30758988015978694,1.9350649350649352,100轮,c3_ethereum_t100_s0,ethereum,以太坊 5000 美元,tick_horizon
76,13.0,4.0,4.0,235.0,764.0,451.0,0.3075916230366492,1.9191489361702128,100轮,c3_ethereum_t100_s0,ethereum,以太坊 5000 美元,tick_horizon
77,11.0,8.0,5.0,240.0,775.0,459.0,0.3096774193548387,1.9125,100轮,c3_ethereum_t100_s0,ethereum,以太坊 5000 美元,tick_horizon
80,6.0,9.0,0.0,243.0,807.0,476.0,0.30111524163568776,1.9588477366255144,100轮,c3_ethereum_t100_s0,ethereum,以太坊 5000 美元,tick_horizon
81,10.0,5.0,3.0,246.0,817.0,481.0,0.3011015911872705,1.9552845528455285,100轮,c3_ethereum_t100_s0,ethereum,以太坊 5000 美元,tick_horizon
82,8.0,5.0,1.0,247.0,825.0,486.0,0.2993939393939394,1.9676113360323886,100轮,c3_ethereum_t100_s0,ethereum,以太坊 5000 美元,tick_horizon
83,6.0,7.0,3.0,250.0,831.0,493.0,0.3008423586040915,1.972,100轮,c3_ethereum_t100_s0,ethereum,以太坊 5000 美元,tick_horizon
84,11.0,5.0,4.0,254.0,842.0,498.0,0.3016627078384798,1.9606299212598426,100轮,c3_ethereum_t100_s0,ethereum,以太坊 5000 美元,tick_horizon
85,8.0,6.0,4.0,258.0,850.0,504.0,0.3035294117647059,1.9534883720930232,100轮,c3_ethereum_t100_s0,ethereum,以太坊 5000 美元,tick_horizon
86,12.0,3.0,6.0,264.0,862.0,507.0,0.3062645011600928,1.9204545454545454,100轮,c3_ethereum_t100_s0,ethereum,以太坊 5000 美元,tick_horizon
88,7.0,10.0,0.0,270.0,880.0,522.0,0.3068181818181818,1.9333333333333333,100轮,c3_ethereum_t100_s0,ethereum,以太坊 5000 美元,tick_horizon
89,15.0,3.0,3.0,273.0,895.0,525.0,0.30502793296089387,1.9230769230769231,100轮,c3_ethereum_t100_s0,ethereum,以太坊 5000 美元,tick_horizon
90,12.0,5.0,13.0,286.0,907.0,530.0,0.3153252480705623,1.8531468531468531,100轮,c3_ethereum_t100_s0,ethereum,以太坊 5000 美元,tick_horizon
91,14.0,5.0,6.0,292.0,921.0,535.0,0.31704668838219324,1.832191780821918,100轮,c3_ethereum_t100_s0,ethereum,以太坊 5000 美元,tick_horizon
92,9.0,7.0,3.0,295.0,930.0,542.0,0.3172043010752688,1.8372881355932202,100轮,c3_ethereum_t100_s0,ethereum,以太坊 5000 美元,tick_horizon
93,5.0,5.0,1.0,296.0,935.0,547.0,0.3165775401069519,1.847972972972973,100轮,c3_ethereum_t100_s0,ethereum,以太坊 5000 美元,tick_horizon
94,11.0,6.0,2.0,298.0,946.0,553.0,0.3150105708245243,1.8557046979865772,100轮,c3_ethereum_t100_s0,ethereum,以太坊 5000 美元,tick_horizon
96,6.0,7.0,0.0,302.0,966.0,563.0,0.31262939958592134,1.8642384105960266,100轮,c3_ethereum_t100_s0,ethereum,以太坊 5000 美元,tick_horizon
97,10.0,6.0,4.0,306.0,976.0,569.0,0.3135245901639344,1.8594771241830066,100轮,c3_ethereum_t100_s0,ethereum,以太坊 5000 美元,tick_horizon
98,11.0,4.0,2.0,308.0,987.0,573.0,0.3120567375886525,1.8603896103896105,100轮,c3_ethereum_t100_s0,ethereum,以太坊 5000 美元,tick_horizon
99,10.0,7.0,4.0,312.0,997.0,580.0,0.31293881644934807,1.858974358974359,100轮,c3_ethereum_t100_s0,ethereum,以太坊 5000 美元,tick_horizon
0,18.0,0.0,2.0,2.0,18.0,0.0,0.1111111111111111,0.0,10轮,c3_robotaxi_t10_s0,robotaxi,特斯拉 Robotaxi,tick_horizon
1,10.0,8.0,4.0,6.0,28.0,8.0,0.21428571428571427,1.3333333333333333,10轮,c3_robotaxi_t10_s0,robotaxi,特斯拉 Robotaxi,tick_horizon
4,10.0,8.0,0.0,10.0,61.0,26.0,0.16393442622950818,2.6,10轮,c3_robotaxi_t10_s0,robotaxi,特斯拉 Robotaxi,tick_horizon
5,10.0,6.0,5.0,15.0,71.0,32.0,0.2112676056338028,2.1333333333333333,10轮,c3_robotaxi_t10_s0,robotaxi,特斯拉 Robotaxi,tick_horizon
6,10.0,6.0,1.0,16.0,81.0,38.0,0.19753086419753085,2.375,10轮,c3_robotaxi_t10_s0,robotaxi,特斯拉 Robotaxi,tick_horizon
7,12.0,6.0,3.0,19.0,93.0,44.0,0.20430107526881722,2.3157894736842106,10轮,c3_robotaxi_t10_s0,robotaxi,特斯拉 Robotaxi,tick_horizon
8,10.0,7.0,6.0,25.0,103.0,51.0,0.24271844660194175,2.04,10轮,c3_robotaxi_t10_s0,robotaxi,特斯拉 Robotaxi,tick_horizon
9,15.0,3.0,6.0,31.0,118.0,54.0,0.2627118644067797,1.7419354838709677,10轮,c3_robotaxi_t10_s0,robotaxi,特斯拉 Robotaxi,tick_horizon
0,17.0,0.0,0.0,0.0,17.0,0.0,0.0,0.0,20轮,c3_robotaxi_t20_s0,robotaxi,特斯拉 Robotaxi,tick_horizon
3,7.0,11.0,0.0,2.0,45.0,24.0,0.044444444444444446,12.0,20轮,c3_robotaxi_t20_s0,robotaxi,特斯拉 Robotaxi,tick_horizon
6,12.0,8.0,0.0,3.0,80.0,43.0,0.0375,14.333333333333334,20轮,c3_robotaxi_t20_s0,robotaxi,特斯拉 Robotaxi,tick_horizon
7,13.0,5.0,2.0,5.0,93.0,48.0,0.053763440860215055,9.6,20轮,c3_robotaxi_t20_s0,robotaxi,特斯拉 Robotaxi,tick_horizon
8,15.0,4.0,8.0,13.0,108.0,52.0,0.12037037037037036,4.0,20轮,c3_robotaxi_t20_s0,robotaxi,特斯拉 Robotaxi,tick_horizon
9,8.0,7.0,2.0,15.0,116.0,59.0,0.12931034482758622,3.933333333333333,20轮,c3_robotaxi_t20_s0,robotaxi,特斯拉 Robotaxi,tick_horizon
10,14.0,4.0,4.0,19.0,130.0,63.0,0.14615384615384616,3.3157894736842106,20轮,c3_robotaxi_t20_s0,robotaxi,特斯拉 Robotaxi,tick_horizon
11,10.0,8.0,3.0,22.0,140.0,71.0,0.15714285714285714,3.227272727272727,20轮,c3_robotaxi_t20_s0,robotaxi,特斯拉 Robotaxi,tick_horizon
12,12.0,5.0,5.0,27.0,152.0,76.0,0.17763157894736842,2.814814814814815,20轮,c3_robotaxi_t20_s0,robotaxi,特斯拉 Robotaxi,tick_horizon
14,9.0,9.0,0.0,28.0,176.0,88.0,0.1590909090909091,3.142857142857143,20轮,c3_robotaxi_t20_s0,robotaxi,特斯拉 Robotaxi,tick_horizon
15,9.0,6.0,2.0,30.0,185.0,94.0,0.16216216216216217,3.1333333333333333,20轮,c3_robotaxi_t20_s0,robotaxi,特斯拉 Robotaxi,tick_horizon
18,6.0,9.0,0.0,31.0,213.0,114.0,0.14553990610328638,3.6774193548387095,20轮,c3_robotaxi_t20_s0,robotaxi,特斯拉 Robotaxi,tick_horizon
19,12.0,6.0,6.0,37.0,225.0,120.0,0.16444444444444445,3.2432432432432434,20轮,c3_robotaxi_t20_s0,robotaxi,特斯拉 Robotaxi,tick_horizon
0,17.0,0.0,1.0,1.0,17.0,0.0,0.058823529411764705,0.0,50轮,c3_robotaxi_t50_s0,robotaxi,特斯拉 Robotaxi,tick_horizon
4,11.0,4.0,0.0,2.0,62.0,21.0,0.03225806451612903,10.5,50轮,c3_robotaxi_t50_s0,robotaxi,特斯拉 Robotaxi,tick_horizon
5,12.0,5.0,1.0,3.0,74.0,26.0,0.04054054054054054,8.666666666666666,50轮,c3_robotaxi_t50_s0,robotaxi,特斯拉 Robotaxi,tick_horizon
6,11.0,6.0,4.0,7.0,85.0,32.0,0.08235294117647059,4.571428571428571,50轮,c3_robotaxi_t50_s0,robotaxi,特斯拉 Robotaxi,tick_horizon
7,15.0,1.0,8.0,15.0,100.0,33.0,0.15,2.2,50轮,c3_robotaxi_t50_s0,robotaxi,特斯拉 Robotaxi,tick_horizon
8,8.0,9.0,4.0,19.0,108.0,42.0,0.17592592592592593,2.210526315789474,50轮,c3_robotaxi_t50_s0,robotaxi,特斯拉 Robotaxi,tick_horizon
9,16.0,3.0,7.0,26.0,124.0,45.0,0.20967741935483872,1.7307692307692308,50轮,c3_robotaxi_t50_s0,robotaxi,特斯拉 Robotaxi,tick_horizon
10,13.0,6.0,3.0,29.0,137.0,51.0,0.2116788321167883,1.7586206896551724,50轮,c3_robotaxi_t50_s0,robotaxi,特斯拉 Robotaxi,tick_horizon
11,13.0,3.0,6.0,35.0,150.0,54.0,0.23333333333333334,1.542857142857143,50轮,c3_robotaxi_t50_s0,robotaxi,特斯拉 Robotaxi,tick_horizon
12,14.0,4.0,5.0,40.0,164.0,58.0,0.24390243902439024,1.45,50轮,c3_robotaxi_t50_s0,robotaxi,特斯拉 Robotaxi,tick_horizon
13,14.0,2.0,3.0,43.0,178.0,60.0,0.24157303370786518,1.3953488372093024,50轮,c3_robotaxi_t50_s0,robotaxi,特斯拉 Robotaxi,tick_horizon
14,11.0,7.0,4.0,47.0,189.0,67.0,0.24867724867724866,1.425531914893617,50轮,c3_robotaxi_t50_s0,robotaxi,特斯拉 Robotaxi,tick_horizon
16,7.0,7.0,0.0,48.0,208.0,79.0,0.23076923076923078,1.6458333333333333,50轮,c3_robotaxi_t50_s0,robotaxi,特斯拉 Robotaxi,tick_horizon
17,11.0,3.0,1.0,49.0,219.0,82.0,0.2237442922374429,1.6734693877551021,50轮,c3_robotaxi_t50_s0,robotaxi,特斯拉 Robotaxi,tick_horizon
18,8.0,8.0,5.0,54.0,227.0,90.0,0.23788546255506607,1.6666666666666667,50轮,c3_robotaxi_t50_s0,robotaxi,特斯拉 Robotaxi,tick_horizon
21,12.0,6.0,0.0,58.0,264.0,103.0,0.2196969696969697,1.7758620689655173,50轮,c3_robotaxi_t50_s0,robotaxi,特斯拉 Robotaxi,tick_horizon
22,10.0,8.0,1.0,59.0,274.0,111.0,0.21532846715328466,1.88135593220339,50轮,c3_robotaxi_t50_s0,robotaxi,特斯拉 Robotaxi,tick_horizon
23,9.0,5.0,1.0,60.0,283.0,116.0,0.21201413427561838,1.9333333333333333,50轮,c3_robotaxi_t50_s0,robotaxi,特斯拉 Robotaxi,tick_horizon
24,11.0,4.0,2.0,62.0,294.0,120.0,0.2108843537414966,1.935483870967742,50轮,c3_robotaxi_t50_s0,robotaxi,特斯拉 Robotaxi,tick_horizon
25,12.0,7.0,2.0,64.0,306.0,127.0,0.20915032679738563,1.984375,50轮,c3_robotaxi_t50_s0,robotaxi,特斯拉 Robotaxi,tick_horizon
26,9.0,8.0,1.0,65.0,315.0,135.0,0.20634920634920634,2.076923076923077,50轮,c3_robotaxi_t50_s0,robotaxi,特斯拉 Robotaxi,tick_horizon
27,13.0,4.0,4.0,69.0,328.0,139.0,0.21036585365853658,2.0144927536231885,50轮,c3_robotaxi_t50_s0,robotaxi,特斯拉 Robotaxi,tick_horizon
28,10.0,6.0,3.0,72.0,338.0,145.0,0.21301775147928995,2.013888888888889,50轮,c3_robotaxi_t50_s0,robotaxi,特斯拉 Robotaxi,tick_horizon
29,13.0,4.0,2.0,74.0,351.0,149.0,0.21082621082621084,2.0135135135135136,50轮,c3_robotaxi_t50_s0,robotaxi,特斯拉 Robotaxi,tick_horizon
30,7.0,7.0,1.0,75.0,358.0,156.0,0.20949720670391062,2.08,50轮,c3_robotaxi_t50_s0,robotaxi,特斯拉 Robotaxi,tick_horizon
31,11.0,5.0,1.0,76.0,369.0,161.0,0.20596205962059622,2.1184210526315788,50轮,c3_robotaxi_t50_s0,robotaxi,特斯拉 Robotaxi,tick_horizon
32,11.0,8.0,2.0,78.0,380.0,169.0,0.20526315789473684,2.1666666666666665,50轮,c3_robotaxi_t50_s0,robotaxi,特斯拉 Robotaxi,tick_horizon
33,11.0,7.0,4.0,82.0,391.0,176.0,0.20971867007672634,2.1463414634146343,50轮,c3_robotaxi_t50_s0,robotaxi,特斯拉 Robotaxi,tick_horizon
34,14.0,5.0,3.0,85.0,405.0,181.0,0.20987654320987653,2.1294117647058823,50轮,c3_robotaxi_t50_s0,robotaxi,特斯拉 Robotaxi,tick_horizon
36,11.0,6.0,0.0,88.0,426.0,191.0,0.20657276995305165,2.1704545454545454,50轮,c3_robotaxi_t50_s0,robotaxi,特斯拉 Robotaxi,tick_horizon
37,8.0,10.0,3.0,91.0,434.0,201.0,0.20967741935483872,2.208791208791209,50轮,c3_robotaxi_t50_s0,robotaxi,特斯拉 Robotaxi,tick_horizon
38,15.0,3.0,3.0,94.0,449.0,204.0,0.20935412026726058,2.1702127659574466,50轮,c3_robotaxi_t50_s0,robotaxi,特斯拉 Robotaxi,tick_horizon
39,8.0,10.0,2.0,96.0,457.0,214.0,0.2100656455142232,2.2291666666666665,50轮,c3_robotaxi_t50_s0,robotaxi,特斯拉 Robotaxi,tick_horizon
40,8.0,6.0,3.0,99.0,465.0,220.0,0.2129032258064516,2.2222222222222223,50轮,c3_robotaxi_t50_s0,robotaxi,特斯拉 Robotaxi,tick_horizon
41,14.0,2.0,5.0,104.0,479.0,222.0,0.21711899791231734,2.1346153846153846,50轮,c3_robotaxi_t50_s0,robotaxi,特斯拉 Robotaxi,tick_horizon
42,7.0,7.0,7.0,111.0,486.0,229.0,0.22839506172839505,2.063063063063063,50轮,c3_robotaxi_t50_s0,robotaxi,特斯拉 Robotaxi,tick_horizon
43,11.0,5.0,1.0,112.0,497.0,234.0,0.22535211267605634,2.0892857142857144,50轮,c3_robotaxi_t50_s0,robotaxi,特斯拉 Robotaxi,tick_horizon
44,11.0,4.0,4.0,116.0,508.0,238.0,0.2283464566929134,2.0517241379310347,50轮,c3_robotaxi_t50_s0,robotaxi,特斯拉 Robotaxi,tick_horizon
45,8.0,7.0,2.0,118.0,516.0,245.0,0.22868217054263565,2.0762711864406778,50轮,c3_robotaxi_t50_s0,robotaxi,特斯拉 Robotaxi,tick_horizon
46,13.0,2.0,7.0,125.0,529.0,247.0,0.23629489603024575,1.976,50轮,c3_robotaxi_t50_s0,robotaxi,特斯拉 Robotaxi,tick_horizon
47,12.0,6.0,8.0,133.0,541.0,253.0,0.24584103512014788,1.9022556390977443,50轮,c3_robotaxi_t50_s0,robotaxi,特斯拉 Robotaxi,tick_horizon
48,14.0,5.0,7.0,140.0,555.0,258.0,0.25225225225225223,1.8428571428571427,50轮,c3_robotaxi_t50_s0,robotaxi,特斯拉 Robotaxi,tick_horizon
49,11.0,7.0,9.0,149.0,566.0,265.0,0.26325088339222613,1.778523489932886,50轮,c3_robotaxi_t50_s0,robotaxi,特斯拉 Robotaxi,tick_horizon
0,18.0,0.0,0.0,0.0,18.0,0.0,0.0,0.0,100轮,c3_robotaxi_t100_s0,robotaxi,特斯拉 Robotaxi,tick_horizon
1,5.0,13.0,2.0,2.0,23.0,13.0,0.08695652173913043,6.5,100轮,c3_robotaxi_t100_s0,robotaxi,特斯拉 Robotaxi,tick_horizon
2,17.0,0.0,7.0,9.0,40.0,13.0,0.225,1.4444444444444444,100轮,c3_robotaxi_t100_s0,robotaxi,特斯拉 Robotaxi,tick_horizon
3,10.0,6.0,4.0,13.0,50.0,19.0,0.26,1.4615384615384615,100轮,c3_robotaxi_t100_s0,robotaxi,特斯拉 Robotaxi,tick_horizon
4,8.0,8.0,2.0,15.0,58.0,27.0,0.25862068965517243,1.8,100轮,c3_robotaxi_t100_s0,robotaxi,特斯拉 Robotaxi,tick_horizon
6,12.0,5.0,0.0,18.0,83.0,35.0,0.21686746987951808,1.9444444444444444,100轮,c3_robotaxi_t100_s0,robotaxi,特斯拉 Robotaxi,tick_horizon
7,11.0,4.0,3.0,21.0,94.0,39.0,0.22340425531914893,1.8571428571428572,100轮,c3_robotaxi_t100_s0,robotaxi,特斯拉 Robotaxi,tick_horizon
8,10.0,8.0,4.0,25.0,104.0,47.0,0.2403846153846154,1.88,100轮,c3_robotaxi_t100_s0,robotaxi,特斯拉 Robotaxi,tick_horizon
9,10.0,3.0,3.0,28.0,114.0,50.0,0.24561403508771928,1.7857142857142858,100轮,c3_robotaxi_t100_s0,robotaxi,特斯拉 Robotaxi,tick_horizon
10,11.0,3.0,4.0,32.0,125.0,53.0,0.256,1.65625,100轮,c3_robotaxi_t100_s0,robotaxi,特斯拉 Robotaxi,tick_horizon
11,10.0,6.0,4.0,36.0,135.0,59.0,0.26666666666666666,1.6388888888888888,100轮,c3_robotaxi_t100_s0,robotaxi,特斯拉 Robotaxi,tick_horizon
12,13.0,2.0,1.0,37.0,148.0,61.0,0.25,1.6486486486486487,100轮,c3_robotaxi_t100_s0,robotaxi,特斯拉 Robotaxi,tick_horizon
13,12.0,2.0,9.0,46.0,160.0,63.0,0.2875,1.3695652173913044,100轮,c3_robotaxi_t100_s0,robotaxi,特斯拉 Robotaxi,tick_horizon
14,9.0,11.0,3.0,49.0,169.0,74.0,0.28994082840236685,1.510204081632653,100轮,c3_robotaxi_t100_s0,robotaxi,特斯拉 Robotaxi,tick_horizon
15,10.0,5.0,2.0,51.0,179.0,79.0,0.2849162011173184,1.5490196078431373,100轮,c3_robotaxi_t100_s0,robotaxi,特斯拉 Robotaxi,tick_horizon
16,10.0,7.0,4.0,55.0,189.0,86.0,0.291005291005291,1.5636363636363637,100轮,c3_robotaxi_t100_s0,robotaxi,特斯拉 Robotaxi,tick_horizon
17,12.0,6.0,2.0,57.0,201.0,92.0,0.2835820895522388,1.6140350877192982,100轮,c3_robotaxi_t100_s0,robotaxi,特斯拉 Robotaxi,tick_horizon
21,10.0,6.0,0.0,58.0,239.0,121.0,0.24267782426778242,2.086206896551724,100轮,c3_robotaxi_t100_s0,robotaxi,特斯拉 Robotaxi,tick_horizon
22,7.0,11.0,1.0,59.0,246.0,132.0,0.23983739837398374,2.23728813559322,100轮,c3_robotaxi_t100_s0,robotaxi,特斯拉 Robotaxi,tick_horizon
23,10.0,3.0,2.0,61.0,256.0,135.0,0.23828125,2.2131147540983607,100轮,c3_robotaxi_t100_s0,robotaxi,特斯拉 Robotaxi,tick_horizon
26,9.0,8.0,0.0,66.0,286.0,159.0,0.23076923076923078,2.409090909090909,100轮,c3_robotaxi_t100_s0,robotaxi,特斯拉 Robotaxi,tick_horizon
27,14.0,4.0,2.0,68.0,300.0,163.0,0.22666666666666666,2.3970588235294117,100轮,c3_robotaxi_t100_s0,robotaxi,特斯拉 Robotaxi,tick_horizon
28,7.0,10.0,3.0,71.0,307.0,173.0,0.23127035830618892,2.436619718309859,100轮,c3_robotaxi_t100_s0,robotaxi,特斯拉 Robotaxi,tick_horizon
29,11.0,3.0,9.0,80.0,318.0,176.0,0.25157232704402516,2.2,100轮,c3_robotaxi_t100_s0,robotaxi,特斯拉 Robotaxi,tick_horizon
30,11.0,2.0,2.0,82.0,329.0,178.0,0.24924012158054712,2.1707317073170733,100轮,c3_robotaxi_t100_s0,robotaxi,特斯拉 Robotaxi,tick_horizon
32,11.0,5.0,0.0,84.0,350.0,189.0,0.24,2.25,100轮,c3_robotaxi_t100_s0,robotaxi,特斯拉 Robotaxi,tick_horizon
33,10.0,4.0,3.0,87.0,360.0,193.0,0.24166666666666667,2.218390804597701,100轮,c3_robotaxi_t100_s0,robotaxi,特斯拉 Robotaxi,tick_horizon
34,9.0,5.0,2.0,89.0,369.0,198.0,0.24119241192411925,2.2247191011235956,100轮,c3_robotaxi_t100_s0,robotaxi,特斯拉 Robotaxi,tick_horizon
35,12.0,6.0,6.0,95.0,381.0,204.0,0.24934383202099739,2.1473684210526316,100轮,c3_robotaxi_t100_s0,robotaxi,特斯拉 Robotaxi,tick_horizon
36,13.0,3.0,3.0,98.0,394.0,207.0,0.24873096446700507,2.1122448979591835,100轮,c3_robotaxi_t100_s0,robotaxi,特斯拉 Robotaxi,tick_horizon
37,12.0,6.0,4.0,102.0,406.0,213.0,0.2512315270935961,2.088235294117647,100轮,c3_robotaxi_t100_s0,robotaxi,特斯拉 Robotaxi,tick_horizon
38,13.0,4.0,19.0,121.0,419.0,217.0,0.28878281622911695,1.7933884297520661,100轮,c3_robotaxi_t100_s0,robotaxi,特斯拉 Robotaxi,tick_horizon
39,12.0,5.0,5.0,126.0,431.0,222.0,0.2923433874709977,1.7619047619047619,100轮,c3_robotaxi_t100_s0,robotaxi,特斯拉 Robotaxi,tick_horizon
40,8.0,6.0,1.0,127.0,439.0,228.0,0.28929384965831434,1.795275590551181,100轮,c3_robotaxi_t100_s0,robotaxi,特斯拉 Robotaxi,tick_horizon
41,14.0,3.0,1.0,128.0,453.0,231.0,0.282560706401766,1.8046875,100轮,c3_robotaxi_t100_s0,robotaxi,特斯拉 Robotaxi,tick_horizon
42,9.0,9.0,1.0,129.0,462.0,240.0,0.2792207792207792,1.8604651162790697,100轮,c3_robotaxi_t100_s0,robotaxi,特斯拉 Robotaxi,tick_horizon
44,9.0,6.0,0.0,134.0,485.0,250.0,0.27628865979381445,1.8656716417910448,100轮,c3_robotaxi_t100_s0,robotaxi,特斯拉 Robotaxi,tick_horizon
45,10.0,6.0,3.0,137.0,495.0,256.0,0.2767676767676768,1.8686131386861313,100轮,c3_robotaxi_t100_s0,robotaxi,特斯拉 Robotaxi,tick_horizon
46,11.0,6.0,1.0,138.0,506.0,262.0,0.2727272727272727,1.8985507246376812,100轮,c3_robotaxi_t100_s0,robotaxi,特斯拉 Robotaxi,tick_horizon
47,9.0,7.0,5.0,143.0,515.0,269.0,0.27766990291262134,1.881118881118881,100轮,c3_robotaxi_t100_s0,robotaxi,特斯拉 Robotaxi,tick_horizon
48,11.0,5.0,3.0,146.0,526.0,274.0,0.27756653992395436,1.8767123287671232,100轮,c3_robotaxi_t100_s0,robotaxi,特斯拉 Robotaxi,tick_horizon
49,11.0,3.0,6.0,152.0,537.0,277.0,0.28305400372439476,1.8223684210526316,100轮,c3_robotaxi_t100_s0,robotaxi,特斯拉 Robotaxi,tick_horizon
51,15.0,3.0,0.0,155.0,565.0,286.0,0.2743362831858407,1.8451612903225807,100轮,c3_robotaxi_t100_s0,robotaxi,特斯拉 Robotaxi,tick_horizon
52,10.0,6.0,2.0,157.0,575.0,292.0,0.27304347826086955,1.8598726114649682,100轮,c3_robotaxi_t100_s0,robotaxi,特斯拉 Robotaxi,tick_horizon
53,12.0,4.0,13.0,170.0,587.0,296.0,0.28960817717206133,1.7411764705882353,100轮,c3_robotaxi_t100_s0,robotaxi,特斯拉 Robotaxi,tick_horizon
54,12.0,5.0,2.0,172.0,599.0,301.0,0.2871452420701169,1.75,100轮,c3_robotaxi_t100_s0,robotaxi,特斯拉 Robotaxi,tick_horizon
55,11.0,6.0,2.0,174.0,610.0,307.0,0.28524590163934427,1.764367816091954,100轮,c3_robotaxi_t100_s0,robotaxi,特斯拉 Robotaxi,tick_horizon
56,10.0,7.0,9.0,183.0,620.0,314.0,0.29516129032258065,1.715846994535519,100轮,c3_robotaxi_t100_s0,robotaxi,特斯拉 Robotaxi,tick_horizon
57,12.0,5.0,2.0,185.0,632.0,319.0,0.2927215189873418,1.7243243243243243,100轮,c3_robotaxi_t100_s0,robotaxi,特斯拉 Robotaxi,tick_horizon
58,9.0,8.0,1.0,186.0,641.0,327.0,0.29017160686427457,1.7580645161290323,100轮,c3_robotaxi_t100_s0,robotaxi,特斯拉 Robotaxi,tick_horizon
59,9.0,8.0,1.0,187.0,650.0,335.0,0.2876923076923077,1.7914438502673797,100轮,c3_robotaxi_t100_s0,robotaxi,特斯拉 Robotaxi,tick_horizon
60,12.0,5.0,8.0,195.0,662.0,340.0,0.2945619335347432,1.7435897435897436,100轮,c3_robotaxi_t100_s0,robotaxi,特斯拉 Robotaxi,tick_horizon
61,11.0,5.0,7.0,202.0,673.0,345.0,0.300148588410104,1.7079207920792079,100轮,c3_robotaxi_t100_s0,robotaxi,特斯拉 Robotaxi,tick_horizon
63,5.0,8.0,0.0,204.0,689.0,358.0,0.2960812772133527,1.7549019607843137,100轮,c3_robotaxi_t100_s0,robotaxi,特斯拉 Robotaxi,tick_horizon
64,17.0,1.0,11.0,215.0,706.0,359.0,0.3045325779036827,1.669767441860465,100轮,c3_robotaxi_t100_s0,robotaxi,特斯拉 Robotaxi,tick_horizon
65,9.0,6.0,3.0,218.0,715.0,365.0,0.3048951048951049,1.6743119266055047,100轮,c3_robotaxi_t100_s0,robotaxi,特斯拉 Robotaxi,tick_horizon
66,12.0,3.0,2.0,220.0,727.0,368.0,0.30261348005502064,1.6727272727272726,100轮,c3_robotaxi_t100_s0,robotaxi,特斯拉 Robotaxi,tick_horizon
67,11.0,4.0,4.0,224.0,738.0,372.0,0.3035230352303523,1.6607142857142858,100轮,c3_robotaxi_t100_s0,robotaxi,特斯拉 Robotaxi,tick_horizon
68,9.0,6.0,5.0,229.0,747.0,378.0,0.30655957161981257,1.6506550218340612,100轮,c3_robotaxi_t100_s0,robotaxi,特斯拉 Robotaxi,tick_horizon
69,15.0,1.0,1.0,230.0,762.0,379.0,0.30183727034120733,1.6478260869565218,100轮,c3_robotaxi_t100_s0,robotaxi,特斯拉 Robotaxi,tick_horizon
70,11.0,7.0,6.0,236.0,773.0,386.0,0.3053040103492885,1.6355932203389831,100轮,c3_robotaxi_t100_s0,robotaxi,特斯拉 Robotaxi,tick_horizon
71,13.0,2.0,2.0,238.0,786.0,388.0,0.30279898218829515,1.6302521008403361,100轮,c3_robotaxi_t100_s0,robotaxi,特斯拉 Robotaxi,tick_horizon
72,10.0,6.0,1.0,239.0,796.0,394.0,0.30025125628140703,1.6485355648535565,100轮,c3_robotaxi_t100_s0,robotaxi,特斯拉 Robotaxi,tick_horizon
73,10.0,7.0,3.0,242.0,806.0,401.0,0.3002481389578164,1.6570247933884297,100轮,c3_robotaxi_t100_s0,robotaxi,特斯拉 Robotaxi,tick_horizon
75,11.0,4.0,0.0,244.0,828.0,410.0,0.2946859903381642,1.680327868852459,100轮,c3_robotaxi_t100_s0,robotaxi,特斯拉 Robotaxi,tick_horizon
76,9.0,9.0,1.0,245.0,837.0,419.0,0.2927120669056153,1.7102040816326531,100轮,c3_robotaxi_t100_s0,robotaxi,特斯拉 Robotaxi,tick_horizon
77,15.0,2.0,5.0,250.0,852.0,421.0,0.2934272300469484,1.684,100轮,c3_robotaxi_t100_s0,robotaxi,特斯拉 Robotaxi,tick_horizon
78,10.0,6.0,4.0,254.0,862.0,427.0,0.29466357308584684,1.6811023622047243,100轮,c3_robotaxi_t100_s0,robotaxi,特斯拉 Robotaxi,tick_horizon
80,5.0,6.0,0.0,258.0,880.0,434.0,0.29318181818181815,1.682170542635659,100轮,c3_robotaxi_t100_s0,robotaxi,特斯拉 Robotaxi,tick_horizon
81,8.0,4.0,1.0,259.0,888.0,438.0,0.2916666666666667,1.691119691119691,100轮,c3_robotaxi_t100_s0,robotaxi,特斯拉 Robotaxi,tick_horizon
82,13.0,4.0,8.0,267.0,901.0,442.0,0.29633740288568255,1.655430711610487,100轮,c3_robotaxi_t100_s0,robotaxi,特斯拉 Robotaxi,tick_horizon
83,12.0,3.0,2.0,269.0,913.0,445.0,0.2946330777656079,1.654275092936803,100轮,c3_robotaxi_t100_s0,robotaxi,特斯拉 Robotaxi,tick_horizon
84,13.0,4.0,4.0,273.0,926.0,449.0,0.29481641468682507,1.6446886446886446,100轮,c3_robotaxi_t100_s0,robotaxi,特斯拉 Robotaxi,tick_horizon
85,16.0,3.0,6.0,279.0,942.0,452.0,0.2961783439490446,1.6200716845878136,100轮,c3_robotaxi_t100_s0,robotaxi,特斯拉 Robotaxi,tick_horizon
86,9.0,9.0,2.0,281.0,951.0,461.0,0.29547844374342797,1.6405693950177935,100轮,c3_robotaxi_t100_s0,robotaxi,特斯拉 Robotaxi,tick_horizon
87,14.0,4.0,6.0,287.0,965.0,465.0,0.29740932642487045,1.6202090592334495,100轮,c3_robotaxi_t100_s0,robotaxi,特斯拉 Robotaxi,tick_horizon
88,13.0,2.0,7.0,294.0,978.0,467.0,0.3006134969325153,1.58843537414966,100轮,c3_robotaxi_t100_s0,robotaxi,特斯拉 Robotaxi,tick_horizon
89,10.0,4.0,4.0,298.0,988.0,471.0,0.3016194331983806,1.580536912751678,100轮,c3_robotaxi_t100_s0,robotaxi,特斯拉 Robotaxi,tick_horizon
90,16.0,2.0,6.0,304.0,1004.0,473.0,0.30278884462151395,1.555921052631579,100轮,c3_robotaxi_t100_s0,robotaxi,特斯拉 Robotaxi,tick_horizon
91,9.0,6.0,7.0,311.0,1013.0,479.0,0.3070088845014807,1.540192926045016,100轮,c3_robotaxi_t100_s0,robotaxi,特斯拉 Robotaxi,tick_horizon
92,10.0,6.0,3.0,314.0,1023.0,485.0,0.3069403714565005,1.5445859872611465,100轮,c3_robotaxi_t100_s0,robotaxi,特斯拉 Robotaxi,tick_horizon
93,12.0,6.0,5.0,319.0,1035.0,491.0,0.30821256038647343,1.5391849529780564,100轮,c3_robotaxi_t100_s0,robotaxi,特斯拉 Robotaxi,tick_horizon
94,11.0,5.0,1.0,320.0,1046.0,496.0,0.30592734225621415,1.55,100轮,c3_robotaxi_t100_s0,robotaxi,特斯拉 Robotaxi,tick_horizon
95,13.0,4.0,4.0,324.0,1059.0,500.0,0.3059490084985836,1.5432098765432098,100轮,c3_robotaxi_t100_s0,robotaxi,特斯拉 Robotaxi,tick_horizon
96,9.0,7.0,4.0,328.0,1068.0,507.0,0.30711610486891383,1.545731707317073,100轮,c3_robotaxi_t100_s0,robotaxi,特斯拉 Robotaxi,tick_horizon
97,11.0,4.0,4.0,332.0,1079.0,511.0,0.3076923076923077,1.5391566265060241,100轮,c3_robotaxi_t100_s0,robotaxi,特斯拉 Robotaxi,tick_horizon
99,8.0,5.0,0.0,335.0,1097.0,523.0,0.3053783044667274,1.5611940298507463,100轮,c3_robotaxi_t100_s0,robotaxi,特斯拉 Robotaxi,tick_horizon
